-- Adminer 4.2.2 MySQL dump

SET NAMES utf8;
SET time_zone = '+00:00';
SET foreign_key_checks = 0;
SET sql_mode = 'NO_AUTO_VALUE_ON_ZERO';

DROP TABLE IF EXISTS `y_activity_types`;
CREATE TABLE `y_activity_types` (
  `id` int(10) unsigned NOT NULL AUTO_INCREMENT,
  `name` varchar(255) NOT NULL,
  `desc` varchar(255) NOT NULL,
  `points` varchar(255) NOT NULL,
  `min_value` varchar(255) NOT NULL,
  `min_time` int(10) unsigned NOT NULL,
  `active` enum('1','0') NOT NULL,
  `table_name` varchar(255) NOT NULL,
  PRIMARY KEY (`id`)
) ENGINE=InnoDB DEFAULT CHARSET=utf8;


DROP TABLE IF EXISTS `y_admin_walls`;
CREATE TABLE `y_admin_walls` (
  `id` int(10) unsigned NOT NULL AUTO_INCREMENT,
  `user_id` int(11) unsigned NOT NULL DEFAULT '0',
  `message` text NOT NULL,
  `object` varchar(255) NOT NULL DEFAULT '',
  `action` varchar(255) NOT NULL DEFAULT '',
  `object_id` int(11) unsigned NOT NULL DEFAULT '0',
  `server_id` int(11) unsigned NOT NULL DEFAULT '0',
  `site_id` int(11) unsigned NOT NULL DEFAULT '0',
  `important` int(11) unsigned NOT NULL DEFAULT '0',
  `old_data` text NOT NULL,
  `new_data` text NOT NULL,
  `add_date` datetime NOT NULL,
  PRIMARY KEY (`id`)
) ENGINE=InnoDB DEFAULT CHARSET=utf8;


DROP TABLE IF EXISTS `y_articles_texts`;
CREATE TABLE `y_articles_texts` (
  `id` int(10) unsigned NOT NULL AUTO_INCREMENT,
  `cat_id` int(10) unsigned NOT NULL,
  `user_id` int(10) unsigned NOT NULL,
  `is_own_article` enum('1','0') NOT NULL,
  `author_name` varchar(255) NOT NULL,
  `title` varchar(255) NOT NULL,
  `summary` text NOT NULL,
  `full_text` longtext NOT NULL,
  `status` enum('new','edited','suspended','active') NOT NULL,
  `credentials` text NOT NULL,
  `add_date` int(10) unsigned NOT NULL,
  `edit_date` int(10) unsigned NOT NULL,
  `views` int(10) unsigned NOT NULL,
  `short_url` varchar(255) NOT NULL,
  `activity` int(10) unsigned NOT NULL DEFAULT '0',
  PRIMARY KEY (`id`),
  KEY `user_id` (`user_id`)
) ENGINE=InnoDB DEFAULT CHARSET=utf8;


DROP TABLE IF EXISTS `y_blog_posts`;
CREATE TABLE `y_blog_posts` (
  `id` int(10) unsigned NOT NULL AUTO_INCREMENT,
  `id2` int(10) unsigned NOT NULL,
  `user_name` varchar(255) NOT NULL DEFAULT '',
  `user_id` int(10) unsigned NOT NULL DEFAULT '0',
  `poster_id` int(11) unsigned NOT NULL DEFAULT '0',
  `cat_id` smallint(5) unsigned NOT NULL DEFAULT '0',
  `title` varchar(255) NOT NULL DEFAULT '',
  `text` text NOT NULL,
  `add_date` int(10) unsigned NOT NULL DEFAULT '0',
  `edit_date` int(10) unsigned NOT NULL,
  `ip` varchar(15) NOT NULL DEFAULT '',
  `num_reads` int(10) unsigned NOT NULL DEFAULT '0',
  `attach_image` varchar(255) NOT NULL DEFAULT '',
  `disable_comments` enum('0','1') NOT NULL DEFAULT '0',
  `mode_type` tinyint(3) unsigned NOT NULL DEFAULT '0',
  `mode_text` varchar(255) NOT NULL DEFAULT '',
  `mood` varchar(255) NOT NULL DEFAULT '',
  `privacy` tinyint(3) unsigned NOT NULL DEFAULT '0',
  `allow_comments` tinyint(3) unsigned NOT NULL,
  `active` tinyint(1) unsigned NOT NULL DEFAULT '0',
  `custom_cat_id` smallint(5) unsigned NOT NULL,
  `activity` int(10) unsigned NOT NULL DEFAULT '0',
  `old_id` int(10) unsigned NOT NULL,
  `mask` int(10) unsigned NOT NULL,
  PRIMARY KEY (`id`),
  KEY `user_id` (`user_id`),
  KEY `id2` (`id2`)
) ENGINE=InnoDB DEFAULT CHARSET=utf8;


DROP TABLE IF EXISTS `y_comments`;
CREATE TABLE `y_comments` (
  `id` int(10) unsigned NOT NULL AUTO_INCREMENT,
  `object_name` varchar(24) NOT NULL,
  `object_id` int(10) unsigned NOT NULL DEFAULT '0',
  `parent_id` int(10) unsigned NOT NULL DEFAULT '0',
  `user_id` int(10) unsigned NOT NULL DEFAULT '0',
  `user_name` varchar(255) NOT NULL DEFAULT '',
  `user_email` varchar(128) NOT NULL DEFAULT '',
  `add_date` int(10) unsigned NOT NULL DEFAULT '0',
  `text` text NOT NULL,
  `ip` varchar(15) NOT NULL DEFAULT '',
  `active` tinyint(1) unsigned NOT NULL DEFAULT '0',
  `activity` int(10) unsigned NOT NULL DEFAULT '0',
  PRIMARY KEY (`id`),
  KEY `object_name` (`object_name`),
  KEY `object_id` (`object_id`),
  KEY `user_id` (`user_id`)
) ENGINE=InnoDB DEFAULT CHARSET=utf8;


DROP TABLE IF EXISTS `y_countries`;
CREATE TABLE `y_countries` (
  `code` char(2) NOT NULL DEFAULT '',
  `code3` char(3) NOT NULL DEFAULT '',
  `num` char(3) NOT NULL DEFAULT '',
  `name` varchar(64) NOT NULL DEFAULT '',
  `cont` char(2) NOT NULL DEFAULT '',
  `active` enum('0','1') NOT NULL DEFAULT '0',
  `n` varchar(64) NOT NULL,
  `c` char(2) NOT NULL,
  PRIMARY KEY (`code`)
) ENGINE=InnoDB DEFAULT CHARSET=utf8;

INSERT INTO `y_countries` (`code`, `code3`, `num`, `name`, `cont`, `active`, `n`, `c`) VALUES
('AD',	'AND',	'020',	'Andorra',	'',	'0',	'',	''),
('AE',	'ARE',	'784',	'United Arab Emirates',	'',	'0',	'',	''),
('AF',	'AFG',	'004',	'Afghanistan',	'',	'0',	'',	''),
('AG',	'ATG',	'028',	'Antigua and Barbuda',	'',	'0',	'',	''),
('AI',	'AIA',	'660',	'Anguilla',	'',	'0',	'',	''),
('AL',	'ALB',	'008',	'Albania',	'',	'0',	'',	''),
('AM',	'ARM',	'051',	'Armenia',	'',	'0',	'',	''),
('AO',	'AGO',	'024',	'Angola',	'',	'0',	'',	''),
('AQ',	'ATA',	'010',	'Antarctica',	'',	'0',	'',	''),
('AR',	'ARG',	'032',	'Argentina',	'',	'0',	'',	''),
('AS',	'ASM',	'016',	'American Samoa',	'',	'0',	'',	''),
('AT',	'AUT',	'040',	'Austria',	'',	'0',	'',	''),
('AU',	'AUS',	'036',	'Australia',	'',	'0',	'',	''),
('AW',	'ABW',	'533',	'Aruba',	'',	'0',	'',	''),
('AX',	'ALA',	'248',	'Aland Islands',	'',	'0',	'',	''),
('AZ',	'AZE',	'031',	'Azerbaijan',	'',	'0',	'',	''),
('BA',	'BIH',	'070',	'Bosnia and Herzegovina',	'',	'0',	'',	''),
('BB',	'BRB',	'052',	'Barbados',	'',	'0',	'',	''),
('BD',	'BGD',	'050',	'Bangladesh',	'',	'0',	'',	''),
('BE',	'BEL',	'056',	'Belgium',	'',	'0',	'',	''),
('BF',	'BFA',	'854',	'Burkina Faso',	'',	'0',	'',	''),
('BG',	'BGR',	'100',	'Bulgaria',	'',	'0',	'',	''),
('BH',	'BHR',	'048',	'Bahrain',	'',	'0',	'',	''),
('BI',	'BDI',	'108',	'Burundi',	'',	'0',	'',	''),
('BJ',	'BEN',	'204',	'Benin',	'',	'0',	'',	''),
('BL',	'BLM',	'652',	'Saint Barthelemy',	'',	'0',	'',	''),
('BM',	'BMU',	'060',	'Bermuda',	'',	'0',	'',	''),
('BN',	'BRN',	'096',	'Brunei Darussalam',	'',	'0',	'',	''),
('BO',	'BOL',	'068',	'Bolivia, Plurinational State of',	'',	'0',	'',	''),
('BQ',	'BES',	'535',	'Bonaire, Sint Eustatius and Saba',	'',	'0',	'',	''),
('BR',	'BRA',	'076',	'Brazil',	'',	'0',	'',	''),
('BS',	'BHS',	'044',	'Bahamas',	'',	'0',	'',	''),
('BT',	'BTN',	'064',	'Bhutan',	'',	'0',	'',	''),
('BV',	'BVT',	'074',	'Bouvet Island',	'',	'0',	'',	''),
('BW',	'BWA',	'072',	'Botswana',	'',	'0',	'',	''),
('BY',	'BLR',	'112',	'Belarus',	'',	'0',	'',	''),
('BZ',	'BLZ',	'084',	'Belize',	'',	'0',	'',	''),
('CA',	'CAN',	'124',	'Canada',	'',	'0',	'',	''),
('CC',	'CCK',	'166',	'Cocos (Keeling) Islands',	'',	'0',	'',	''),
('CD',	'COD',	'180',	'Congo, the Democratic Republic of the',	'',	'0',	'',	''),
('CF',	'CAF',	'140',	'Central African Republic',	'',	'0',	'',	''),
('CG',	'COG',	'178',	'Congo',	'',	'0',	'',	''),
('CH',	'CHE',	'756',	'Switzerland',	'',	'0',	'',	''),
('CI',	'CIV',	'384',	'Cote d\'Ivoire',	'',	'0',	'',	''),
('CK',	'COK',	'184',	'Cook Islands',	'',	'0',	'',	''),
('CL',	'CHL',	'152',	'Chile',	'',	'0',	'',	''),
('CM',	'CMR',	'120',	'Cameroon',	'',	'0',	'',	''),
('CN',	'CHN',	'156',	'China',	'',	'0',	'',	''),
('CO',	'COL',	'170',	'Colombia',	'',	'0',	'',	''),
('CR',	'CRI',	'188',	'Costa Rica',	'',	'0',	'',	''),
('CU',	'CUB',	'192',	'Cuba',	'',	'0',	'',	''),
('CV',	'CPV',	'132',	'Cape Verde',	'',	'0',	'',	''),
('CW',	'CUW',	'531',	'Curacao',	'',	'0',	'',	''),
('CX',	'CXR',	'162',	'Christmas Island',	'',	'0',	'',	''),
('CY',	'CYP',	'196',	'Cyprus',	'',	'0',	'',	''),
('CZ',	'CZE',	'203',	'Czech Republic',	'',	'0',	'',	''),
('DE',	'DEU',	'276',	'Germany',	'',	'1',	'',	''),
('DJ',	'DJI',	'262',	'Djibouti',	'',	'0',	'',	''),
('DK',	'DNK',	'208',	'Denmark',	'',	'0',	'',	''),
('DM',	'DMA',	'212',	'Dominica',	'',	'0',	'',	''),
('DO',	'DOM',	'214',	'Dominican Republic',	'',	'0',	'',	''),
('DZ',	'DZA',	'012',	'Algeria',	'',	'0',	'',	''),
('EC',	'ECU',	'218',	'Ecuador',	'',	'0',	'',	''),
('EE',	'EST',	'233',	'Estonia',	'',	'0',	'',	''),
('EG',	'EGY',	'818',	'Egypt',	'',	'0',	'',	''),
('EH',	'ESH',	'732',	'Western Sahara',	'',	'0',	'',	''),
('ER',	'ERI',	'232',	'Eritrea',	'',	'0',	'',	''),
('ES',	'ESP',	'724',	'Spain',	'',	'1',	'',	''),
('ET',	'ETH',	'231',	'Ethiopia',	'',	'0',	'',	''),
('FI',	'FIN',	'246',	'Finland',	'',	'0',	'',	''),
('FJ',	'FJI',	'242',	'Fiji',	'',	'0',	'',	''),
('FK',	'FLK',	'238',	'Falkland Islands (Malvinas)',	'',	'0',	'',	''),
('FM',	'FSM',	'583',	'Micronesia, Federated States of',	'',	'0',	'',	''),
('FO',	'FRO',	'234',	'Faroe Islands',	'',	'0',	'',	''),
('FR',	'FRA',	'250',	'France',	'',	'1',	'',	''),
('GA',	'GAB',	'266',	'Gabon',	'',	'0',	'',	''),
('GB',	'GBR',	'826',	'United Kingdom',	'',	'1',	'',	''),
('GD',	'GRD',	'308',	'Grenada',	'',	'0',	'',	''),
('GE',	'GEO',	'268',	'Georgia',	'',	'0',	'',	''),
('GF',	'GUF',	'254',	'French Guiana',	'',	'0',	'',	''),
('GG',	'GGY',	'831',	'Guernsey',	'',	'0',	'',	''),
('GH',	'GHA',	'288',	'Ghana',	'',	'0',	'',	''),
('GI',	'GIB',	'292',	'Gibraltar',	'',	'0',	'',	''),
('GL',	'GRL',	'304',	'Greenland',	'',	'0',	'',	''),
('GM',	'GMB',	'270',	'Gambia',	'',	'0',	'',	''),
('GN',	'GIN',	'324',	'Guinea',	'',	'0',	'',	''),
('GP',	'GLP',	'312',	'Guadeloupe',	'',	'0',	'',	''),
('GQ',	'GNQ',	'226',	'Equatorial Guinea',	'',	'0',	'',	''),
('GR',	'GRC',	'300',	'Greece',	'',	'0',	'',	''),
('GS',	'SGS',	'239',	'South Georgia and the South Sandwich Islands',	'',	'0',	'',	''),
('GT',	'GTM',	'320',	'Guatemala',	'',	'0',	'',	''),
('GU',	'GUM',	'316',	'Guam',	'',	'0',	'',	''),
('GW',	'GNB',	'624',	'Guinea-Bissau',	'',	'0',	'',	''),
('GY',	'GUY',	'328',	'Guyana',	'',	'0',	'',	''),
('HK',	'HKG',	'344',	'Hong Kong',	'',	'0',	'',	''),
('HM',	'HMD',	'334',	'Heard Island and McDonald Islands',	'',	'0',	'',	''),
('HN',	'HND',	'340',	'Honduras',	'',	'0',	'',	''),
('HR',	'HRV',	'191',	'Croatia',	'',	'0',	'',	''),
('HT',	'HTI',	'332',	'Haiti',	'',	'0',	'',	''),
('HU',	'HUN',	'348',	'Hungary',	'',	'0',	'',	''),
('ID',	'IDN',	'360',	'Indonesia',	'',	'0',	'',	''),
('IE',	'IRL',	'372',	'Ireland',	'',	'0',	'',	''),
('IL',	'ISR',	'376',	'Israel',	'',	'0',	'',	''),
('IM',	'IMN',	'833',	'Isle of Man',	'',	'0',	'',	''),
('IN',	'IND',	'356',	'India',	'',	'0',	'',	''),
('IO',	'IOT',	'086',	'British Indian Ocean Territory',	'',	'0',	'',	''),
('IQ',	'IRQ',	'368',	'Iraq',	'',	'0',	'',	''),
('IR',	'IRN',	'364',	'Iran, Islamic Republic of',	'',	'0',	'',	''),
('IS',	'ISL',	'352',	'Iceland',	'',	'0',	'',	''),
('IT',	'ITA',	'380',	'Italy',	'',	'0',	'',	''),
('JE',	'JEY',	'832',	'Jersey',	'',	'0',	'',	''),
('JM',	'JAM',	'388',	'Jamaica',	'',	'0',	'',	''),
('JO',	'JOR',	'400',	'Jordan',	'',	'0',	'',	''),
('JP',	'JPN',	'392',	'Japan',	'',	'0',	'',	''),
('KE',	'KEN',	'404',	'Kenya',	'',	'0',	'',	''),
('KG',	'KGZ',	'417',	'Kyrgyzstan',	'',	'0',	'',	''),
('KH',	'KHM',	'116',	'Cambodia',	'',	'0',	'',	''),
('KI',	'KIR',	'296',	'Kiribati',	'',	'0',	'',	''),
('KM',	'COM',	'174',	'Comoros',	'',	'0',	'',	''),
('KN',	'KNA',	'659',	'Saint Kitts and Nevis',	'',	'0',	'',	''),
('KP',	'PRK',	'408',	'Korea, Democratic People\'s Republic of',	'',	'0',	'',	''),
('KR',	'KOR',	'410',	'Korea, Republic of',	'',	'0',	'',	''),
('KW',	'KWT',	'414',	'Kuwait',	'',	'0',	'',	''),
('KY',	'CYM',	'136',	'Cayman Islands',	'',	'0',	'',	''),
('KZ',	'KAZ',	'398',	'Kazakhstan',	'',	'0',	'',	''),
('LA',	'LAO',	'418',	'Lao People\'s Democratic Republic',	'',	'0',	'',	''),
('LB',	'LBN',	'422',	'Lebanon',	'',	'0',	'',	''),
('LC',	'LCA',	'662',	'Saint Lucia',	'',	'0',	'',	''),
('LI',	'LIE',	'438',	'Liechtenstein',	'',	'0',	'',	''),
('LK',	'LKA',	'144',	'Sri Lanka',	'',	'0',	'',	''),
('LR',	'LBR',	'430',	'Liberia',	'',	'0',	'',	''),
('LS',	'LSO',	'426',	'Lesotho',	'',	'0',	'',	''),
('LT',	'LTU',	'440',	'Lithuania',	'',	'0',	'',	''),
('LU',	'LUX',	'442',	'Luxembourg',	'',	'0',	'',	''),
('LV',	'LVA',	'428',	'Latvia',	'',	'0',	'',	''),
('LY',	'LBY',	'434',	'Libya',	'',	'0',	'',	''),
('MA',	'MAR',	'504',	'Morocco',	'',	'0',	'',	''),
('MC',	'MCO',	'492',	'Monaco',	'',	'0',	'',	''),
('MD',	'MDA',	'498',	'Moldova, Republic of',	'',	'0',	'',	''),
('ME',	'MNE',	'499',	'Montenegro',	'',	'0',	'',	''),
('MF',	'MAF',	'663',	'Saint Martin (French part)',	'',	'0',	'',	''),
('MG',	'MDG',	'450',	'Madagascar',	'',	'0',	'',	''),
('MH',	'MHL',	'584',	'Marshall Islands',	'',	'0',	'',	''),
('MK',	'MKD',	'807',	'Macedonia, the former Yugoslav Republic of',	'',	'0',	'',	''),
('ML',	'MLI',	'466',	'Mali',	'',	'0',	'',	''),
('MM',	'MMR',	'104',	'Myanmar',	'',	'0',	'',	''),
('MN',	'MNG',	'496',	'Mongolia',	'',	'0',	'',	''),
('MO',	'MAC',	'446',	'Macao',	'',	'0',	'',	''),
('MP',	'MNP',	'580',	'Northern Mariana Islands',	'',	'0',	'',	''),
('MQ',	'MTQ',	'474',	'Martinique',	'',	'0',	'',	''),
('MR',	'MRT',	'478',	'Mauritania',	'',	'0',	'',	''),
('MS',	'MSR',	'500',	'Montserrat',	'',	'0',	'',	''),
('MT',	'MLT',	'470',	'Malta',	'',	'0',	'',	''),
('MU',	'MUS',	'480',	'Mauritius',	'',	'0',	'',	''),
('MV',	'MDV',	'462',	'Maldives',	'',	'0',	'',	''),
('MW',	'MWI',	'454',	'Malawi',	'',	'0',	'',	''),
('MX',	'MEX',	'484',	'Mexico',	'',	'0',	'',	''),
('MY',	'MYS',	'458',	'Malaysia',	'',	'0',	'',	''),
('MZ',	'MOZ',	'508',	'Mozambique',	'',	'0',	'',	''),
('NA',	'NAM',	'516',	'Namibia',	'',	'0',	'',	''),
('NC',	'NCL',	'540',	'New Caledonia',	'',	'0',	'',	''),
('NE',	'NER',	'562',	'Niger',	'',	'0',	'',	''),
('NF',	'NFK',	'574',	'Norfolk Island',	'',	'0',	'',	''),
('NG',	'NGA',	'566',	'Nigeria',	'',	'0',	'',	''),
('NI',	'NIC',	'558',	'Nicaragua',	'',	'0',	'',	''),
('NL',	'NLD',	'528',	'Netherlands',	'',	'0',	'',	''),
('NO',	'NOR',	'578',	'Norway',	'',	'0',	'',	''),
('NP',	'NPL',	'524',	'Nepal',	'',	'0',	'',	''),
('NR',	'NRU',	'520',	'Nauru',	'',	'0',	'',	''),
('NU',	'NIU',	'570',	'Niue',	'',	'0',	'',	''),
('NZ',	'NZL',	'554',	'New Zealand',	'',	'0',	'',	''),
('OM',	'OMN',	'512',	'Oman',	'',	'0',	'',	''),
('PA',	'PAN',	'591',	'Panama',	'',	'0',	'',	''),
('PE',	'PER',	'604',	'Peru',	'',	'0',	'',	''),
('PF',	'PYF',	'258',	'French Polynesia',	'',	'0',	'',	''),
('PG',	'PNG',	'598',	'Papua New Guinea',	'',	'0',	'',	''),
('PH',	'PHL',	'608',	'Philippines',	'',	'0',	'',	''),
('PK',	'PAK',	'586',	'Pakistan',	'',	'0',	'',	''),
('PL',	'POL',	'616',	'Poland',	'',	'0',	'',	''),
('PM',	'SPM',	'666',	'Saint Pierre and Miquelon',	'',	'0',	'',	''),
('PN',	'PCN',	'612',	'Pitcairn',	'',	'0',	'',	''),
('PR',	'PRI',	'630',	'Puerto Rico',	'',	'0',	'',	''),
('PS',	'PSE',	'275',	'Palestine, State of',	'',	'0',	'',	''),
('PT',	'PRT',	'620',	'Portugal',	'',	'0',	'',	''),
('PW',	'PLW',	'585',	'Palau',	'',	'0',	'',	''),
('PY',	'PRY',	'600',	'Paraguay',	'',	'0',	'',	''),
('QA',	'QAT',	'634',	'Qatar',	'',	'0',	'',	''),
('RE',	'REU',	'638',	'Reunion',	'',	'0',	'',	''),
('RO',	'ROU',	'642',	'Romania',	'',	'0',	'',	''),
('RS',	'SRB',	'688',	'Serbia',	'',	'0',	'',	''),
('RU',	'RUS',	'643',	'Russian Federation',	'',	'1',	'',	''),
('RW',	'RWA',	'646',	'Rwanda',	'',	'0',	'',	''),
('SA',	'SAU',	'682',	'Saudi Arabia',	'',	'0',	'',	''),
('SB',	'SLB',	'090',	'Solomon Islands',	'',	'0',	'',	''),
('SC',	'SYC',	'690',	'Seychelles',	'',	'0',	'',	''),
('SD',	'SDN',	'729',	'Sudan',	'',	'0',	'',	''),
('SE',	'SWE',	'752',	'Sweden',	'',	'0',	'',	''),
('SG',	'SGP',	'702',	'Singapore',	'',	'0',	'',	''),
('SH',	'SHN',	'654',	'Saint Helena, Ascension and Tristan da Cunha',	'',	'0',	'',	''),
('SI',	'SVN',	'705',	'Slovenia',	'',	'0',	'',	''),
('SJ',	'SJM',	'744',	'Svalbard and Jan Mayen',	'',	'0',	'',	''),
('SK',	'SVK',	'703',	'Slovakia',	'',	'0',	'',	''),
('SL',	'SLE',	'694',	'Sierra Leone',	'',	'0',	'',	''),
('SM',	'SMR',	'674',	'San Marino',	'',	'0',	'',	''),
('SN',	'SEN',	'686',	'Senegal',	'',	'0',	'',	''),
('SO',	'SOM',	'706',	'Somalia',	'',	'0',	'',	''),
('SR',	'SUR',	'740',	'Suriname',	'',	'0',	'',	''),
('SS',	'SSD',	'728',	'South Sudan',	'',	'0',	'',	''),
('ST',	'STP',	'678',	'Sao Tome and Principe',	'',	'0',	'',	''),
('SV',	'SLV',	'222',	'El Salvador',	'',	'0',	'',	''),
('SX',	'SXM',	'534',	'Sint Maarten (Dutch part)',	'',	'0',	'',	''),
('SY',	'SYR',	'760',	'Syrian Arab Republic',	'',	'0',	'',	''),
('SZ',	'SWZ',	'748',	'Swaziland',	'',	'0',	'',	''),
('TC',	'TCA',	'796',	'Turks and Caicos Islands',	'',	'0',	'',	''),
('TD',	'TCD',	'148',	'Chad',	'',	'0',	'',	''),
('TF',	'ATF',	'260',	'French Southern Territories',	'',	'0',	'',	''),
('TG',	'TGO',	'768',	'Togo',	'',	'0',	'',	''),
('TH',	'THA',	'764',	'Thailand',	'',	'0',	'',	''),
('TJ',	'TJK',	'762',	'Tajikistan',	'',	'0',	'',	''),
('TK',	'TKL',	'772',	'Tokelau',	'',	'0',	'',	''),
('TL',	'TLS',	'626',	'Timor-Leste',	'',	'0',	'',	''),
('TM',	'TKM',	'795',	'Turkmenistan',	'',	'0',	'',	''),
('TN',	'TUN',	'788',	'Tunisia',	'',	'0',	'',	''),
('TO',	'TON',	'776',	'Tonga',	'',	'0',	'',	''),
('TR',	'TUR',	'792',	'Turkey',	'',	'0',	'',	''),
('TT',	'TTO',	'780',	'Trinidad and Tobago',	'',	'0',	'',	''),
('TV',	'TUV',	'798',	'Tuvalu',	'',	'0',	'',	''),
('TW',	'TWN',	'158',	'Taiwan, Province of China',	'',	'0',	'',	''),
('TZ',	'TZA',	'834',	'Tanzania, United Republic of',	'',	'0',	'',	''),
('UA',	'UKR',	'804',	'Ukraine',	'',	'1',	'',	''),
('UG',	'UGA',	'800',	'Uganda',	'',	'0',	'',	''),
('UM',	'UMI',	'581',	'United States Minor Outlying Islands',	'',	'0',	'',	''),
('US',	'USA',	'840',	'United States',	'',	'1',	'',	''),
('UY',	'URY',	'858',	'Uruguay',	'',	'0',	'',	''),
('UZ',	'UZB',	'860',	'Uzbekistan',	'',	'0',	'',	''),
('VA',	'VAT',	'336',	'Holy See (Vatican City State)',	'',	'0',	'',	''),
('VC',	'VCT',	'670',	'Saint Vincent and the Grenadines',	'',	'0',	'',	''),
('VE',	'VEN',	'862',	'Venezuela, Bolivarian Republic of',	'',	'0',	'',	''),
('VG',	'VGB',	'092',	'Virgin Islands, British',	'',	'0',	'',	''),
('VI',	'VIR',	'850',	'Virgin Islands, U.S.',	'',	'0',	'',	''),
('VN',	'VNM',	'704',	'Viet Nam',	'',	'0',	'',	''),
('VU',	'VUT',	'548',	'Vanuatu',	'',	'0',	'',	''),
('WF',	'WLF',	'876',	'Wallis and Futuna',	'',	'0',	'',	''),
('WS',	'WSM',	'882',	'Samoa',	'',	'0',	'',	''),
('YE',	'YEM',	'887',	'Yemen',	'',	'0',	'',	''),
('YT',	'MYT',	'175',	'Mayotte',	'',	'0',	'',	''),
('ZA',	'ZAF',	'710',	'South Africa',	'',	'0',	'',	''),
('ZM',	'ZMB',	'894',	'Zambia',	'',	'0',	'',	''),
('ZW',	'ZWE',	'716',	'Zimbabwe',	'',	'0',	'',	'');

DROP TABLE IF EXISTS `y_cron_tasks`;
CREATE TABLE `y_cron_tasks` (
  `id` int(10) unsigned NOT NULL AUTO_INCREMENT,
  `name` varchar(255) NOT NULL,
  `comment` varchar(255) NOT NULL,
  `frequency` varchar(255) NOT NULL,
  `admin_id` int(10) unsigned NOT NULL,
  `update_date` int(10) unsigned NOT NULL,
  `active` enum('0','1') NOT NULL DEFAULT '0',
  PRIMARY KEY (`id`)
) ENGINE=InnoDB DEFAULT CHARSET=utf8;


DROP TABLE IF EXISTS `y_currencies`;
CREATE TABLE `y_currencies` (
  `id` char(3) NOT NULL DEFAULT '',
  `name` varchar(64) NOT NULL DEFAULT '',
  `sign` varchar(32) NOT NULL DEFAULT '',
  `number` int(10) NOT NULL DEFAULT '0',
  `minor_units` int(2) NOT NULL DEFAULT '0',
  `country_name` varchar(64) NOT NULL DEFAULT '',
  `country_code` char(2) NOT NULL DEFAULT '',
  `continent_code` char(2) NOT NULL DEFAULT '',
  `active` enum('0','1') NOT NULL DEFAULT '0',
  PRIMARY KEY (`id`)
) ENGINE=InnoDB DEFAULT CHARSET=utf8;

INSERT INTO `y_currencies` (`id`, `name`, `sign`, `number`, `minor_units`, `country_name`, `country_code`, `continent_code`, `active`) VALUES
('AED',	'UAE Dirham',	'د.إ',	784,	2,	'UNITED ARAB EMIRATES',	'',	'',	'0'),
('AFN',	'Afghani',	'؋',	971,	2,	'AFGHANISTAN',	'',	'',	'0'),
('ALL',	'Lek',	'L',	8,	2,	'ALBANIA',	'',	'',	'0'),
('AMD',	'Armenian Dram',	'դր.',	51,	2,	'ARMENIA',	'',	'',	'0'),
('ANG',	'Netherlands Antillean Guilder',	'ƒ',	532,	2,	'SINT MAARTEN (DUTCH PART)',	'',	'',	'0'),
('AOA',	'Kwanza',	'Kz',	973,	2,	'ANGOLA',	'',	'',	'0'),
('ARS',	'Argentine Peso',	'$',	32,	2,	'ARGENTINA',	'',	'',	'0'),
('AUD',	'Australian Dollar',	'$',	36,	2,	'TUVALU',	'',	'',	'0'),
('AWG',	'Aruban Florin',	'ƒ',	533,	2,	'ARUBA',	'',	'',	'0'),
('AZN',	'Azerbaijanian Manat',	'',	944,	2,	'AZERBAIJAN',	'',	'',	'0'),
('BAM',	'Convertible Mark',	'',	977,	2,	'BOSNIA AND HERZEGOVINA',	'',	'',	'0'),
('BBD',	'Barbados Dollar',	'$',	52,	2,	'BARBADOS',	'',	'',	'0'),
('BDT',	'Taka',	'৳',	50,	2,	'BANGLADESH',	'',	'',	'0'),
('BGN',	'Bulgarian Lev',	'лв',	975,	2,	'BULGARIA',	'',	'',	'0'),
('BHD',	'Bahraini Dinar',	'.د.ب',	48,	3,	'BAHRAIN',	'',	'',	'0'),
('BIF',	'Burundi Franc',	'Fr',	108,	0,	'BURUNDI',	'',	'',	'0'),
('BMD',	'Bermudian Dollar',	'$',	60,	2,	'BERMUDA',	'',	'',	'0'),
('BND',	'Brunei Dollar',	'$',	96,	2,	'BRUNEI DARUSSALAM',	'',	'',	'0'),
('BOB',	'Boliviano',	'Bs.',	68,	2,	'BOLIVIA, PLURINATIONAL STATE OF',	'',	'',	'0'),
('BOV',	'Mvdol',	'',	984,	2,	'BOLIVIA, PLURINATIONAL STATE OF',	'',	'',	'0'),
('BRL',	'Brazilian Real',	'R$',	986,	2,	'BRAZIL',	'',	'',	'0'),
('BSD',	'Bahamian Dollar',	'$',	44,	2,	'BAHAMAS',	'',	'',	'0'),
('BTN',	'Ngultrum',	'Nu.',	64,	2,	'BHUTAN',	'',	'',	'0'),
('BWP',	'Pula',	'P',	72,	2,	'BOTSWANA',	'',	'',	'0'),
('BYR',	'Belarussian Ruble',	'Br',	974,	0,	'BELARUS',	'',	'',	'0'),
('BZD',	'Belize Dollar',	'$',	84,	2,	'BELIZE',	'',	'',	'0'),
('CAD',	'Canadian Dollar',	'$',	124,	2,	'CANADA',	'',	'',	'0'),
('CDF',	'Congolese Franc',	'Fr',	976,	2,	'CONGO, THE DEMOCRATIC REPUBLIC OF',	'',	'',	'0'),
('CHE',	'WIR Euro',	'',	947,	2,	'SWITZERLAND',	'',	'',	'0'),
('CHF',	'Swiss Franc',	'Fr',	756,	2,	'SWITZERLAND',	'',	'',	'1'),
('CHW',	'WIR Franc',	'',	948,	2,	'SWITZERLAND',	'',	'',	'0'),
('CLF',	'Unidades de fomento',	'',	990,	0,	'CHILE',	'',	'',	'0'),
('CLP',	'Chilean Peso',	'$',	152,	0,	'CHILE',	'',	'',	'0'),
('CNY',	'Yuan Renminbi',	'',	156,	2,	'CHINA',	'',	'',	'0'),
('COP',	'Colombian Peso',	'$',	170,	2,	'COLOMBIA',	'',	'',	'0'),
('COU',	'Unidad de Valor Real',	'',	970,	2,	'COLOMBIA',	'',	'',	'0'),
('CRC',	'Costa Rican Colon',	'₡',	188,	2,	'COSTA RICA',	'',	'',	'0'),
('CUC',	'Peso Convertible',	'$',	931,	2,	'CUBA',	'',	'',	'0'),
('CUP',	'Cuban Peso',	'$',	192,	2,	'CUBA',	'',	'',	'0'),
('CVE',	'Cape Verde Escudo',	'',	132,	2,	'CAPE VERDE',	'',	'',	'0'),
('CZK',	'Czech Koruna',	'Kč',	203,	2,	'CZECH REPUBLIC',	'',	'',	'0'),
('DJF',	'Djibouti Franc',	'Fr',	262,	0,	'DJIBOUTI',	'',	'',	'0'),
('DKK',	'Danish Krone',	'kr',	208,	2,	'GREENLAND',	'',	'',	'0'),
('DOP',	'Dominican Peso',	'$',	214,	2,	'DOMINICAN REPUBLIC',	'',	'',	'0'),
('DZD',	'Algerian Dinar',	'د.ج',	12,	2,	'ALGERIA',	'',	'',	'0'),
('EGP',	'Egyptian Pound',	'',	818,	2,	'EGYPT',	'',	'',	'0'),
('ERN',	'Nakfa',	'Nfk',	232,	2,	'ERITREA',	'',	'',	'0'),
('ETB',	'Ethiopian Birr',	'Br',	230,	2,	'ETHIOPIA',	'',	'',	'0'),
('EUR',	'Euro',	'€',	978,	2,	'Vatican City State (HOLY SEE)',	'',	'',	'1'),
('FJD',	'Fiji Dollar',	'$',	242,	2,	'FIJI',	'',	'',	'0'),
('FKP',	'Falkland Islands Pound',	'£',	238,	2,	'FALKLAND ISLANDS (MALVINAS)',	'',	'',	'0'),
('GBP',	'Pound Sterling',	'£',	826,	2,	'UNITED KINGDOM',	'',	'',	'0'),
('GEL',	'Lari',	'ლ',	981,	2,	'GEORGIA',	'',	'',	'0'),
('GHS',	'Ghana Cedi',	'₵',	936,	2,	'GHANA',	'',	'',	'0'),
('GIP',	'Gibraltar Pound',	'£',	292,	2,	'GIBRALTAR',	'',	'',	'0'),
('GMD',	'Dalasi',	'D',	270,	2,	'GAMBIA',	'',	'',	'0'),
('GNF',	'Guinea Franc',	'Fr',	324,	0,	'GUINEA',	'',	'',	'0'),
('GTQ',	'Quetzal',	'Q',	320,	2,	'GUATEMALA',	'',	'',	'0'),
('GYD',	'Guyana Dollar',	'$',	328,	2,	'GUYANA',	'',	'',	'0'),
('HKD',	'Hong Kong Dollar',	'$',	344,	2,	'HONG KONG',	'',	'',	'0'),
('HNL',	'Lempira',	'L',	340,	2,	'HONDURAS',	'',	'',	'0'),
('HRK',	'Croatian Kuna',	'kn',	191,	2,	'CROATIA',	'',	'',	'0'),
('HTG',	'Gourde',	'G',	332,	2,	'HAITI',	'',	'',	'0'),
('HUF',	'Forint',	'Ft',	348,	2,	'HUNGARY',	'',	'',	'0'),
('IDR',	'Rupiah',	'Rp',	360,	2,	'INDONESIA',	'',	'',	'0'),
('ILS',	'New Israeli Sheqel',	'₪',	376,	2,	'ISRAEL',	'',	'',	'0'),
('INR',	'Indian Rupee',	'',	356,	2,	'INDIA',	'',	'',	'0'),
('IQD',	'Iraqi Dinar',	'ع.د',	368,	3,	'IRAQ',	'',	'',	'0'),
('IRR',	'Iranian Rial',	'﷼',	364,	2,	'IRAN, ISLAMIC REPUBLIC OF',	'',	'',	'0'),
('ISK',	'Iceland Krona',	'kr',	352,	0,	'ICELAND',	'',	'',	'0'),
('JMD',	'Jamaican Dollar',	'$',	388,	2,	'JAMAICA',	'',	'',	'0'),
('JOD',	'Jordanian Dinar',	'د.ا',	400,	3,	'JORDAN',	'',	'',	'0'),
('JPY',	'Yen',	'¥',	392,	0,	'JAPAN',	'',	'',	'1'),
('KES',	'Kenyan Shilling',	'Sh',	404,	2,	'KENYA',	'',	'',	'0'),
('KGS',	'Som',	'',	417,	2,	'KYRGYZSTAN',	'',	'',	'0'),
('KHR',	'Riel',	'៛',	116,	2,	'CAMBODIA',	'',	'',	'0'),
('KMF',	'Comoro Franc',	'Fr',	174,	0,	'COMOROS',	'',	'',	'0'),
('KPW',	'North Korean Won',	'₩',	408,	2,	'KOREA, DEMOCRATIC PEOPLE’S REPUBLIC OF',	'',	'',	'0'),
('KRW',	'Won',	'₩',	410,	0,	'KOREA, REPUBLIC OF',	'',	'',	'0'),
('KWD',	'Kuwaiti Dinar',	'د.ك',	414,	3,	'KUWAIT',	'',	'',	'0'),
('KYD',	'Cayman Islands Dollar',	'$',	136,	2,	'CAYMAN ISLANDS',	'',	'',	'0'),
('KZT',	'Tenge',	'₸',	398,	2,	'KAZAKHSTAN',	'',	'',	'0'),
('LAK',	'Kip',	'₭',	418,	2,	'LAO PEOPLE’S DEMOCRATIC REPUBLIC',	'',	'',	'0'),
('LBP',	'Lebanese Pound',	'ل.ل',	422,	2,	'LEBANON',	'',	'',	'0'),
('LKR',	'Sri Lanka Rupee',	'',	144,	2,	'SRI LANKA',	'',	'',	'0'),
('LRD',	'Liberian Dollar',	'$',	430,	2,	'LIBERIA',	'',	'',	'0'),
('LSL',	'Loti',	'L',	426,	2,	'LESOTHO',	'',	'',	'0'),
('LTL',	'Lithuanian Litas',	'Lt',	440,	2,	'LITHUANIA',	'',	'',	'0'),
('LVL',	'Latvian Lats',	'Ls',	428,	2,	'LATVIA',	'',	'',	'0'),
('LYD',	'Libyan Dinar',	'ل.د',	434,	3,	'LIBYA',	'',	'',	'0'),
('MAD',	'Moroccan Dirham',	'د. م.',	504,	2,	'WESTERN SAHARA',	'',	'',	'0'),
('MDL',	'Moldovan Leu',	'L',	498,	2,	'MOLDOVA, REPUBLIC OF',	'',	'',	'0'),
('MGA',	'Malagasy Ariary',	'Ar',	969,	2,	'MADAGASCAR',	'',	'',	'0'),
('MKD',	'Denar',	'ден',	807,	2,	'MACEDONIA, THE FORMER YUGOSLAV REPUBLIC OF',	'',	'',	'0'),
('MMK',	'Kyat',	'Ks',	104,	2,	'MYANMAR',	'',	'',	'0'),
('MNT',	'Tugrik',	'₮',	496,	2,	'MONGOLIA',	'',	'',	'0'),
('MOP',	'Pataca',	'P',	446,	2,	'MACAO',	'',	'',	'0'),
('MRO',	'Ouguiya',	'UM',	478,	2,	'MAURITANIA',	'',	'',	'0'),
('MUR',	'Mauritius Rupee',	'₨',	480,	2,	'MAURITIUS',	'',	'',	'0'),
('MVR',	'Rufiyaa',	'.ރ',	462,	2,	'MALDIVES',	'',	'',	'0'),
('MWK',	'Kwacha',	'MK',	454,	2,	'MALAWI',	'',	'',	'0'),
('MXN',	'Mexican Peso',	'$',	484,	2,	'MEXICO',	'',	'',	'0'),
('MXV',	'Mexican Unidad de Inversion (UDI)',	'',	979,	2,	'MEXICO',	'',	'',	'0'),
('MYR',	'Malaysian Ringgit',	'RM',	458,	2,	'MALAYSIA',	'',	'',	'0'),
('MZN',	'Mozambique Metical',	'MT',	943,	2,	'MOZAMBIQUE',	'',	'',	'0'),
('NAD',	'Namibia Dollar',	'$',	516,	2,	'NAMIBIA',	'',	'',	'0'),
('NGN',	'Naira',	'₦',	566,	2,	'NIGERIA',	'',	'',	'0'),
('NIO',	'Cordoba Oro',	'C$',	558,	2,	'NICARAGUA',	'',	'',	'0'),
('NOK',	'Norwegian Krone',	'kr',	578,	2,	'SVALBARD AND JAN MAYEN',	'',	'',	'0'),
('NPR',	'Nepalese Rupee',	'₨',	524,	2,	'NEPAL',	'',	'',	'0'),
('NZD',	'New Zealand Dollar',	'$',	554,	2,	'TOKELAU',	'',	'',	'0'),
('OMR',	'Rial Omani',	'ر.ع.',	512,	3,	'OMAN',	'',	'',	'0'),
('PAB',	'Balboa',	'B/.',	590,	2,	'PANAMA',	'',	'',	'0'),
('PEN',	'Nuevo Sol',	'S/.',	604,	2,	'PERU',	'',	'',	'0'),
('PGK',	'Kina',	'K',	598,	2,	'PAPUA NEW GUINEA',	'',	'',	'0'),
('PHP',	'Philippine Peso',	'₱',	608,	2,	'PHILIPPINES',	'',	'',	'0'),
('PKR',	'Pakistan Rupee',	'₨',	586,	2,	'PAKISTAN',	'',	'',	'0'),
('PLN',	'Zloty',	'zł',	985,	2,	'POLAND',	'',	'',	'0'),
('PYG',	'Guarani',	'₲',	600,	0,	'PARAGUAY',	'',	'',	'0'),
('QAR',	'Qatari Rial',	'ر.ق',	634,	2,	'QATAR',	'',	'',	'0'),
('RON',	'New Romanian Leu',	'L',	946,	2,	'ROMANIA',	'',	'',	'0'),
('RSD',	'Serbian Dinar',	'',	941,	2,	'SERBIA',	'',	'',	'0'),
('RUB',	'Russian Ruble',	'р.',	643,	2,	'RUSSIAN FEDERATION',	'',	'',	'1'),
('RWF',	'Rwanda Franc',	'Fr',	646,	0,	'RWANDA',	'',	'',	'0'),
('SAR',	'Saudi Riyal',	'ر.س',	682,	2,	'SAUDI ARABIA',	'',	'',	'0'),
('SBD',	'Solomon Islands Dollar',	'$',	90,	2,	'SOLOMON ISLANDS',	'',	'',	'0'),
('SCR',	'Seychelles Rupee',	'₨',	690,	2,	'SEYCHELLES',	'',	'',	'0'),
('SDG',	'Sudanese Pound',	'£',	938,	2,	'SUDAN',	'',	'',	'0'),
('SEK',	'Swedish Krona',	'kr',	752,	2,	'SWEDEN',	'',	'',	'0'),
('SGD',	'Singapore Dollar',	'$',	702,	2,	'SINGAPORE',	'',	'',	'0'),
('SHP',	'Saint Helena Pound',	'£',	654,	2,	'SAINT HELENA, ASCENSION AND TRISTAN DA CUNHA',	'',	'',	'0'),
('SLL',	'Leone',	'Le',	694,	2,	'SIERRA LEONE',	'',	'',	'0'),
('SOS',	'Somali Shilling',	'Sh',	706,	2,	'SOMALIA',	'',	'',	'0'),
('SRD',	'Surinam Dollar',	'$',	968,	2,	'SURINAME',	'',	'',	'0'),
('SSP',	'South Sudanese Pound',	'£',	728,	2,	'SOUTH SUDAN',	'',	'',	'0'),
('STD',	'Dobra',	'Db',	678,	2,	'SAO TOME AND PRINCIPE',	'',	'',	'0'),
('SVC',	'El Salvador Colon',	'₡',	222,	2,	'EL SALVADOR',	'',	'',	'0'),
('SYP',	'Syrian Pound',	'',	760,	2,	'SYRIAN ARAB REPUBLIC',	'',	'',	'0'),
('SZL',	'Lilangeni',	'L',	748,	2,	'SWAZILAND',	'',	'',	'0'),
('THB',	'Baht',	'฿',	764,	2,	'THAILAND',	'',	'',	'0'),
('TJS',	'Somoni',	'ЅМ',	972,	2,	'TAJIKISTAN',	'',	'',	'0'),
('TMT',	'Turkmenistan New Manat',	'm',	934,	2,	'TURKMENISTAN',	'',	'',	'0'),
('TND',	'Tunisian Dinar',	'د.ت',	788,	3,	'TUNISIA',	'',	'',	'0'),
('TOP',	'Pa’anga',	'T$',	776,	2,	'TONGA',	'',	'',	'0'),
('TRY',	'Turkish Lira',	'',	949,	2,	'TURKEY',	'',	'',	'0'),
('TTD',	'Trinidad and Tobago Dollar',	'$',	780,	2,	'TRINIDAD AND TOBAGO',	'',	'',	'0'),
('TWD',	'New Taiwan Dollar',	'$',	901,	2,	'TAIWAN, PROVINCE OF CHINA',	'',	'',	'0'),
('TZS',	'Tanzanian Shilling',	'Sh',	834,	2,	'TANZANIA, UNITED REPUBLIC OF',	'',	'',	'0'),
('UAH',	'Hryvnia',	'₴',	980,	2,	'UKRAINE',	'',	'',	'1'),
('UGX',	'Uganda Shilling',	'Sh',	800,	0,	'UGANDA',	'',	'',	'0'),
('USD',	'US Dollar',	'$',	840,	2,	'VIRGIN ISLANDS (US)',	'',	'',	'1'),
('USN',	'US Dollar (Next day)',	'',	997,	2,	'UNITED STATES',	'',	'',	'0'),
('USS',	'US Dollar (Same day)',	'',	998,	2,	'UNITED STATES',	'',	'',	'0'),
('UYI',	'Uruguay Peso en Unidades Indexadas (URUIURUI)',	'',	940,	0,	'URUGUAY',	'',	'',	'0'),
('UYU',	'Peso Uruguayo',	'$',	858,	2,	'URUGUAY',	'',	'',	'0'),
('UZS',	'Uzbekistan Sum',	'',	860,	2,	'UZBEKISTAN',	'',	'',	'0'),
('VEF',	'Bolivar',	'Bs F',	937,	2,	'VENEZUELA, BOLIVARIAN REPUBLIC OF',	'',	'',	'0'),
('VND',	'Dong',	'₫',	704,	0,	'VIET NAM',	'',	'',	'0'),
('VUV',	'Vatu',	'Vt',	548,	0,	'VANUATU',	'',	'',	'0'),
('WST',	'Tala',	'T',	882,	2,	'SAMOA',	'',	'',	'0'),
('XAF',	'CFA Franc BEAC',	'Fr',	950,	0,	'GABON',	'',	'',	'0'),
('XAG',	'Silver',	'',	961,	0,	'ZZ11_Silver',	'',	'',	'0'),
('XAU',	'Gold',	'',	959,	0,	'ZZ08_Gold',	'',	'',	'0'),
('XBA',	'Bond Markets Unit European Composite Unit (EURCO)',	'',	955,	0,	'ZZ01_Bond Markets Unit European_EURCO',	'',	'',	'0'),
('XBB',	'Bond Markets Unit European Monetary Unit (E.M.U.-6)',	'',	956,	0,	'ZZ02_Bond Markets Unit European_EMU-6',	'',	'',	'0'),
('XBC',	'Bond Markets Unit European Unit of Account 9 (E.U.A.-9)',	'',	957,	0,	'ZZ03_Bond Markets Unit European_EUA-9',	'',	'',	'0'),
('XBD',	'Bond Markets Unit European Unit of Account 17 (E.U.A.-17)',	'',	958,	0,	'ZZ04_Bond Markets Unit European_EUA-17',	'',	'',	'0'),
('XCD',	'East Caribbean Dollar',	'$',	951,	2,	'SAINT VINCENT AND THE GRENADINES',	'',	'',	'0'),
('XDR',	'SDR (Special Drawing Right)',	'',	960,	0,	'INTERNATIONAL MONETARY FUND (IMF) ',	'',	'',	'0'),
('XFU',	'UIC-Franc',	'',	0,	0,	'ZZ05_UIC-Franc',	'',	'',	'0'),
('XOF',	'CFA Franc BCEAO',	'Fr',	952,	0,	'TOGO',	'',	'',	'0'),
('XPD',	'Palladium',	'',	964,	0,	'ZZ09_Palladium',	'',	'',	'0'),
('XPF',	'CFP Franc',	'Fr',	953,	0,	'WALLIS AND FUTUNA',	'',	'',	'0'),
('XPT',	'Platinum',	'',	962,	0,	'ZZ10_Platinum',	'',	'',	'0'),
('XSU',	'Sucre',	'',	994,	0,	'SISTEMA UNITARIO DE COMPENSACION REGIONAL DE PAGOS \"SUCRE\"',	'',	'',	'0'),
('XTS',	'Codes specifically reserved for testing purposes',	'',	963,	0,	'ZZ06_Testing_Code',	'',	'',	'0'),
('XUA',	'ADB Unit of Account',	'',	965,	0,	'MEMBER COUNTRIES OF THE AFRICAN DEVELOPMENT BANK GROUP',	'',	'',	'0'),
('XXX',	'The codes assigned for transactions where no currency is involve',	'',	999,	0,	'ZZ07_No_Currency',	'',	'',	'0'),
('YER',	'Yemeni Rial',	'﷼',	886,	2,	'YEMEN',	'',	'',	'0'),
('ZAR',	'Rand',	'R',	710,	2,	'SOUTH AFRICA',	'',	'',	'0'),
('ZMW',	'Zambian Kwacha',	'ZK',	967,	2,	'ZAMBIA',	'',	'',	'0'),
('ZWL',	'Zimbabwe Dollar',	'$',	932,	2,	'ZIMBABWE',	'',	'',	'0');

DROP TABLE IF EXISTS `y_dashboards`;
CREATE TABLE `y_dashboards` (
  `id` int(11) NOT NULL AUTO_INCREMENT,
  `name` varchar(50) NOT NULL DEFAULT '',
  `data` text NOT NULL,
  `type` enum('user','admin') NOT NULL,
  `active` enum('1','0') NOT NULL DEFAULT '1',
  PRIMARY KEY (`id`),
  UNIQUE KEY `id` (`id`)
) ENGINE=InnoDB DEFAULT CHARSET=utf8;


DROP TABLE IF EXISTS `y_form_attributes`;
CREATE TABLE `y_form_attributes` (
  `form_id` varchar(64) NOT NULL DEFAULT '',
  `field` varchar(64) NOT NULL DEFAULT '',
  `attr` varchar(64) NOT NULL DEFAULT '',
  `value` longtext NOT NULL,
  `active` enum('0','1') NOT NULL DEFAULT '0',
  PRIMARY KEY (`form_id`,`field`,`attr`)
) ENGINE=InnoDB DEFAULT CHARSET=utf8;


DROP TABLE IF EXISTS `y_forum_categories`;
CREATE TABLE `y_forum_categories` (
  `id` int(10) unsigned NOT NULL AUTO_INCREMENT,
  `parent` int(10) unsigned NOT NULL DEFAULT '0',
  `name` varchar(255) NOT NULL DEFAULT '',
  `desc` varchar(255) NOT NULL DEFAULT '',
  `status` char(1) NOT NULL DEFAULT 'a',
  `active` tinyint(1) NOT NULL DEFAULT '1',
  `order` int(10) unsigned NOT NULL DEFAULT '0',
  `icon` varchar(255) NOT NULL DEFAULT '',
  `language` varchar(12) NOT NULL DEFAULT '0',
  PRIMARY KEY (`id`)
) ENGINE=InnoDB DEFAULT CHARSET=utf8;


DROP TABLE IF EXISTS `y_forum_forums`;
CREATE TABLE `y_forum_forums` (
  `id` int(10) unsigned NOT NULL AUTO_INCREMENT,
  `parent` int(10) unsigned NOT NULL DEFAULT '0',
  `category` int(10) unsigned NOT NULL DEFAULT '0',
  `name` varchar(255) NOT NULL DEFAULT '',
  `desc` varchar(255) NOT NULL DEFAULT '',
  `created` int(10) unsigned NOT NULL DEFAULT '0',
  `status` char(1) NOT NULL DEFAULT 'a',
  `active` tinyint(1) NOT NULL DEFAULT '1',
  `icon` varchar(255) NOT NULL DEFAULT '',
  `order` int(10) unsigned NOT NULL DEFAULT '0',
  `num_views` int(10) unsigned NOT NULL DEFAULT '0',
  `num_topics` int(10) unsigned NOT NULL DEFAULT '0',
  `num_posts` int(10) unsigned NOT NULL DEFAULT '0',
  `last_post_id` int(10) unsigned NOT NULL DEFAULT '0',
  `last_post_date` int(10) unsigned NOT NULL DEFAULT '0',
  `language` varchar(12) NOT NULL DEFAULT '0',
  `options` char(10) NOT NULL,
  `user_groups` varchar(255) NOT NULL DEFAULT '',
  PRIMARY KEY (`id`)
) ENGINE=InnoDB DEFAULT CHARSET=utf8;

INSERT INTO `y_forum_forums` (`id`, `parent`, `category`, `name`, `desc`, `created`, `status`, `active`, `icon`, `order`, `num_views`, `num_topics`, `num_posts`, `last_post_id`, `last_post_date`, `language`, `options`, `user_groups`) VALUES
(1,	0,	1,	'Test forum',	'First auto-created test forum',	1386276665,	'a',	1,	'',	0,	0,	0,	0,	0,	0,	'0',	'',	'');

DROP TABLE IF EXISTS `y_forum_groups`;
CREATE TABLE `y_forum_groups` (
  `id` int(3) unsigned NOT NULL AUTO_INCREMENT,
  `title` varchar(32) NOT NULL DEFAULT '',
  `active` tinyint(1) NOT NULL DEFAULT '1',
  `icon` varchar(250) DEFAULT '',
  `prefix` varchar(250) DEFAULT '',
  `suffix` varchar(250) DEFAULT '',
  `is_admin` tinyint(1) unsigned NOT NULL DEFAULT '0',
  `is_moderator` tinyint(1) unsigned NOT NULL DEFAULT '0',
  `view_board` tinyint(1) unsigned NOT NULL DEFAULT '0',
  `view_ip` tinyint(1) unsigned NOT NULL DEFAULT '0',
  `view_member_info` tinyint(1) unsigned NOT NULL DEFAULT '0',
  `view_other_topics` tinyint(1) unsigned NOT NULL DEFAULT '0',
  `view_post_closed` tinyint(1) unsigned NOT NULL DEFAULT '0',
  `post_new_topics` tinyint(1) unsigned NOT NULL DEFAULT '0',
  `reply_own_topics` tinyint(1) unsigned NOT NULL DEFAULT '0',
  `reply_other_topics` tinyint(1) unsigned NOT NULL DEFAULT '0',
  `delete_own_topics` tinyint(1) unsigned NOT NULL DEFAULT '0',
  `delete_other_topics` tinyint(1) unsigned NOT NULL DEFAULT '0',
  `edit_own_topics` tinyint(1) unsigned NOT NULL DEFAULT '0',
  `edit_other_topics` tinyint(1) unsigned NOT NULL DEFAULT '0',
  `open_topics` tinyint(1) unsigned NOT NULL DEFAULT '0',
  `close_topics` tinyint(1) unsigned NOT NULL DEFAULT '0',
  `pin_topics` tinyint(1) unsigned NOT NULL DEFAULT '0',
  `unpin_topics` tinyint(1) unsigned NOT NULL DEFAULT '0',
  `move_topics` tinyint(1) unsigned NOT NULL DEFAULT '0',
  `approve_topics` tinyint(1) unsigned NOT NULL DEFAULT '0',
  `unapprove_topics` tinyint(1) unsigned NOT NULL DEFAULT '0',
  `open_close_posts` tinyint(1) unsigned NOT NULL DEFAULT '0',
  `delete_own_posts` tinyint(1) unsigned NOT NULL DEFAULT '0',
  `delete_other_posts` tinyint(1) unsigned NOT NULL DEFAULT '0',
  `edit_own_posts` tinyint(1) unsigned NOT NULL DEFAULT '0',
  `edit_other_posts` tinyint(1) unsigned NOT NULL DEFAULT '0',
  `move_posts` tinyint(1) unsigned NOT NULL DEFAULT '0',
  `approve_posts` tinyint(1) unsigned NOT NULL DEFAULT '0',
  `unapprove_posts` tinyint(1) unsigned NOT NULL DEFAULT '0',
  `split_merge` tinyint(1) unsigned NOT NULL DEFAULT '0',
  `edit_own_profile` tinyint(1) unsigned NOT NULL DEFAULT '0',
  `edit_other_profile` tinyint(1) unsigned NOT NULL DEFAULT '0',
  `hide_from_list` tinyint(1) unsigned NOT NULL DEFAULT '0',
  `avatar_upload` tinyint(1) unsigned NOT NULL DEFAULT '0',
  `use_search` tinyint(1) unsigned NOT NULL DEFAULT '0',
  `use_pm` tinyint(1) unsigned NOT NULL DEFAULT '0',
  `max_messages` int(5) DEFAULT '50',
  `email_friend` tinyint(1) unsigned NOT NULL DEFAULT '0',
  `search_flood` mediumint(6) DEFAULT '20',
  `make_polls` tinyint(1) unsigned NOT NULL DEFAULT '0',
  `vote_polls` tinyint(1) unsigned NOT NULL DEFAULT '0',
  PRIMARY KEY (`id`)
) ENGINE=InnoDB DEFAULT CHARSET=utf8;


DROP TABLE IF EXISTS `y_forum_moderators`;
CREATE TABLE `y_forum_moderators` (
  `id` mediumint(8) unsigned NOT NULL AUTO_INCREMENT,
  `active` tinyint(1) NOT NULL DEFAULT '1',
  `forums_list` text NOT NULL,
  `member_name` varchar(32) NOT NULL DEFAULT '',
  `member_id` mediumint(8) unsigned NOT NULL DEFAULT '0',
  `view_ip` tinyint(1) unsigned NOT NULL DEFAULT '0',
  `delete_own_topics` tinyint(1) unsigned NOT NULL DEFAULT '0',
  `delete_other_topics` tinyint(1) unsigned NOT NULL DEFAULT '0',
  `edit_own_topics` tinyint(1) unsigned NOT NULL DEFAULT '0',
  `edit_other_topics` tinyint(1) unsigned NOT NULL DEFAULT '0',
  `open_topics` tinyint(1) unsigned NOT NULL DEFAULT '0',
  `close_topics` tinyint(1) unsigned NOT NULL DEFAULT '0',
  `pin_topics` tinyint(1) unsigned NOT NULL DEFAULT '0',
  `unpin_topics` tinyint(1) unsigned NOT NULL DEFAULT '0',
  `move_topics` tinyint(1) unsigned NOT NULL DEFAULT '0',
  `open_close_posts` tinyint(1) unsigned NOT NULL DEFAULT '0',
  `delete_own_posts` tinyint(1) unsigned NOT NULL DEFAULT '0',
  `delete_other_posts` tinyint(1) unsigned NOT NULL DEFAULT '0',
  `edit_own_posts` tinyint(1) unsigned NOT NULL DEFAULT '0',
  `edit_other_posts` tinyint(1) unsigned NOT NULL DEFAULT '0',
  `move_posts` tinyint(1) unsigned NOT NULL DEFAULT '0',
  `split_merge` tinyint(1) unsigned NOT NULL DEFAULT '0',
  `edit_own_profile` tinyint(1) unsigned NOT NULL DEFAULT '0',
  `edit_other_profile` tinyint(1) unsigned NOT NULL DEFAULT '0',
  `make_polls` tinyint(1) unsigned NOT NULL DEFAULT '0',
  `vote_polls` tinyint(1) unsigned NOT NULL DEFAULT '0',
  PRIMARY KEY (`id`)
) ENGINE=InnoDB DEFAULT CHARSET=utf8;


DROP TABLE IF EXISTS `y_forum_posts`;
CREATE TABLE `y_forum_posts` (
  `id` int(10) unsigned NOT NULL AUTO_INCREMENT,
  `parent` int(10) unsigned NOT NULL DEFAULT '0',
  `forum` int(10) unsigned NOT NULL DEFAULT '0',
  `topic` int(10) unsigned NOT NULL DEFAULT '0',
  `user_id` int(10) unsigned NOT NULL DEFAULT '0',
  `user_name` varchar(64) NOT NULL DEFAULT '',
  `created` int(10) unsigned NOT NULL DEFAULT '0',
  `status` char(1) NOT NULL DEFAULT 'a',
  `subject` varchar(255) NOT NULL DEFAULT '',
  `text` longtext NOT NULL,
  `new_topic` tinyint(1) unsigned NOT NULL DEFAULT '0',
  `edit_name` varchar(64) NOT NULL DEFAULT '',
  `edit_time` int(10) unsigned NOT NULL DEFAULT '0',
  `show_edit_by` tinyint(1) unsigned NOT NULL DEFAULT '0',
  `use_sig` tinyint(1) unsigned NOT NULL DEFAULT '1',
  `use_emo` tinyint(1) unsigned NOT NULL DEFAULT '1',
  `icon_id` smallint(5) unsigned NOT NULL DEFAULT '0',
  `poster_ip` varchar(16) NOT NULL DEFAULT '',
  `language` varchar(12) NOT NULL DEFAULT '0',
  `activity` int(10) unsigned NOT NULL DEFAULT '0',
  PRIMARY KEY (`id`),
  KEY `user_id` (`user_id`),
  KEY `status` (`status`),
  KEY `created` (`created`),
  KEY `topic` (`topic`)
) ENGINE=InnoDB DEFAULT CHARSET=utf8;


DROP TABLE IF EXISTS `y_gallery_photos`;
CREATE TABLE `y_gallery_photos` (
  `id` int(10) unsigned NOT NULL AUTO_INCREMENT,
  `id2` int(10) unsigned NOT NULL,
  `user_id` int(10) unsigned NOT NULL DEFAULT '0',
  `cat_id` int(10) unsigned NOT NULL DEFAULT '0',
  `folder_id` int(10) unsigned NOT NULL,
  `img_name` varchar(255) NOT NULL DEFAULT '',
  `name` varchar(255) NOT NULL DEFAULT '',
  `desc` text NOT NULL,
  `show_in_ads` enum('0','1') NOT NULL DEFAULT '0',
  `diplay_order` int(10) unsigned NOT NULL DEFAULT '0',
  `general_sort_id` int(10) unsigned NOT NULL DEFAULT '0',
  `folder_sort_id` int(10) unsigned NOT NULL DEFAULT '0',
  `add_date` int(10) unsigned NOT NULL DEFAULT '0',
  `other_info` text NOT NULL,
  `active` enum('1','0') NOT NULL DEFAULT '1',
  `is_public` enum('0','1') NOT NULL DEFAULT '0',
  `is_featured` enum('0','1') NOT NULL DEFAULT '0',
  `geo_cc` char(2) NOT NULL,
  `geo_rc` char(2) NOT NULL,
  `priority` int(11) NOT NULL DEFAULT '0',
  `allow_rate` enum('1','0') NOT NULL,
  `rating` float NOT NULL,
  `num_votes` int(10) unsigned NOT NULL,
  `votes_sum` int(11) NOT NULL,
  `last_vote_date` int(10) unsigned NOT NULL,
  `allow_tagging` enum('0','1') NOT NULL,
  PRIMARY KEY (`id`),
  KEY `user_id` (`user_id`),
  KEY `add_date` (`add_date`),
  KEY `folder_id` (`folder_id`),
  KEY `is_public` (`is_public`),
  KEY `geo_cc` (`geo_cc`),
  KEY `geo_rc` (`geo_rc`),
  KEY `rating` (`rating`),
  KEY `id2` (`id2`)
) ENGINE=InnoDB DEFAULT CHARSET=utf8;


DROP TABLE IF EXISTS `y_geo_cities`;
CREATE TABLE `y_geo_cities` (
  `id` int(10) unsigned NOT NULL,
  `country` char(2) NOT NULL,
  `region_id` int(10) unsigned NOT NULL,
  `name` varchar(32) NOT NULL,
  `name_eng` varchar(32) NOT NULL,
  `lat` float NOT NULL,
  `lon` float NOT NULL,
  `population` int(8) NOT NULL DEFAULT '0',
  `active` enum('0','1') NOT NULL DEFAULT '0',
  PRIMARY KEY (`id`),
  KEY `country` (`country`),
  KEY `region_id` (`region_id`)
) ENGINE=InnoDB DEFAULT CHARSET=utf8;

INSERT INTO `y_geo_cities` (`id`, `country`, `region_id`, `name`, `name_eng`, `lat`, `lon`, `population`, `active`) VALUES
(613273,	'UA',	692196,	'Лебедин',	'Lebedyn',	50.5852,	34.4849,	27695,	'1'),
(616743,	'UA',	709716,	'Дружковка',	'Druzhkovka',	48.6301,	37.5526,	62315,	'1'),
(686729,	'UA',	687699,	'Василівка',	'Vasylivka',	47.4369,	35.2742,	15012,	'1'),
(686803,	'UA',	710802,	'Звенигородка',	'Zvenyhorodka',	49.0787,	30.9675,	19161,	'1'),
(686818,	'UA',	709716,	'Зугрэс',	'Zuhres',	48.0114,	38.2644,	19121,	'1'),
(686875,	'UA',	710802,	'Золотоноша',	'Zolotonosha',	49.6689,	32.0377,	27722,	'1'),
(686895,	'UA',	706482,	'Золочев',	'Zolochiv',	50.2799,	35.9818,	11160,	'1'),
(686896,	'UA',	702549,	'Золочев',	'Zolochiv',	49.806,	24.8944,	22608,	'1'),
(686919,	'UA',	705811,	'Знаменка',	'Znomenka',	48.7128,	32.6647,	28318,	'1'),
(686928,	'UA',	706482,	'Змиев',	'Zmiyev',	49.6966,	36.3611,	16095,	'1'),
(686967,	'UA',	686966,	'Житомир',	'Zhytomyr',	50.2649,	28.6767,	282192,	'1'),
(687093,	'UA',	702549,	'Жолква',	'Zhovkva',	50.0583,	23.9726,	12973,	'1'),
(687116,	'UA',	689559,	'Жмеринка',	'Zhmerynka',	49.037,	28.112,	35960,	'1'),
(687196,	'UA',	709929,	'Желтые Воды',	'Zhovti Vody',	48.3473,	33.5003,	51559,	'1'),
(687245,	'UA',	710802,	'Жашков',	'Zhashkiv',	49.2454,	30.1102,	15264,	'1'),
(687292,	'UA',	696634,	'Зеньков',	'Zin’kiv',	50.2081,	34.3638,	10393,	'1'),
(687432,	'UA',	695592,	'Здолбунів',	'Zdolbuniv',	50.5206,	26.2425,	23697,	'1'),
(687455,	'UA',	691649,	'Збараж',	'Zbarazh',	49.6636,	25.7762,	12736,	'1'),
(687700,	'UA',	687699,	'Запорожье',	'Zaporizhzhya',	47.8229,	35.1903,	796217,	'1'),
(687997,	'UA',	698738,	'Южный',	'Yuzhne',	46.6221,	31.1013,	25000,	'1'),
(688105,	'UA',	703883,	'Евпатория',	'Yevpatoriya',	45.2009,	33.3666,	105223,	'1'),
(688148,	'UA',	709716,	'Енакиево',	'Yenakiyeve',	48.2333,	38.2114,	104101,	'1'),
(688288,	'UA',	702549,	'Яворов',	'Yavoriv',	49.9386,	23.3825,	13008,	'1'),
(688373,	'UA',	709716,	'Ясиноватая',	'Yasinovataya',	48.1298,	37.8594,	37600,	'1'),
(688533,	'UA',	703883,	'Ялта',	'Yalta',	44.5001,	34.1615,	79509,	'1'),
(688587,	'UA',	703446,	'Яготин',	'Yahotyn',	50.2798,	31.7625,	22779,	'1'),
(688696,	'UA',	706482,	'Високий',	'Vysokyy',	49.8892,	36.1321,	10988,	'1'),
(688723,	'UA',	703446,	'Вышгород',	'Vyshhorod',	50.5848,	30.4898,	22080,	'1'),
(688746,	'UA',	687869,	'Виноградов',	'Vynohradiv',	48.1413,	23.0267,	27600,	'1'),
(688860,	'UA',	700567,	'Вознесенск',	'Voznesensk',	47.5649,	31.3308,	42248,	'1'),
(689198,	'UA',	709716,	'Волноваха',	'Volnovakha',	47.601,	37.4967,	23731,	'1'),
(689304,	'UA',	706482,	'Волчанск',	'Vovchans’k',	50.2908,	36.9411,	19486,	'1'),
(689378,	'UA',	689064,	'Владимир-Волынский',	'Volodymyr-Volyns’kyy',	50.8525,	24.3236,	38256,	'1'),
(689487,	'UA',	703446,	'Вишневое',	'Vyshneve',	50.3891,	30.3705,	33183,	'1'),
(689558,	'UA',	689559,	'Вінниця',	'Vinnytsya',	49.2328,	28.481,	352115,	'1'),
(689736,	'UA',	687699,	'Веселе',	'Vesele',	47.0148,	34.915,	10683,	'1'),
(690312,	'UA',	710802,	'Ватутино',	'Vatutine',	49.015,	31.0621,	19407,	'1'),
(690412,	'UA',	703446,	'Васильков',	'Vasyl’kiv',	50.1869,	30.3135,	39700,	'1'),
(690509,	'UA',	706482,	'Валки',	'Valky',	49.8387,	35.6207,	10099,	'1'),
(690545,	'UA',	703446,	'Узин',	'Uzyn',	49.8262,	30.4149,	12726,	'1'),
(690548,	'UA',	687869,	'Ужгород',	'Uzhhorod',	48.6167,	22.3,	117878,	'1'),
(690688,	'UA',	710802,	'Умань',	'Uman’',	48.7484,	30.2218,	87658,	'1'),
(690773,	'UA',	703446,	'Украинка',	'Ukrainka',	50.1432,	30.7461,	13636,	'1'),
(691016,	'UA',	689559,	'Tu’chin',	'Tul’chyn',	48.6745,	28.8464,	16136,	'1'),
(691037,	'UA',	706442,	'Цюрупинск',	'Tsyurupyns’k',	46.6184,	32.7189,	28800,	'1'),
(691179,	'UA',	702549,	'Трускавец',	'Truskavets',	49.2784,	23.5062,	26600,	'1'),
(691374,	'UA',	709716,	'Торез',	'Torez',	48.0388,	38.5969,	68037,	'1'),
(691469,	'UA',	687699,	'Токмак',	'Tokmak',	47.2552,	35.7124,	34926,	'1'),
(691578,	'UA',	703446,	'Тетиев',	'Tetiyiv',	49.3767,	29.6647,	14388,	'1'),
(691650,	'UA',	691649,	'Тернополь',	'Ternopil’',	49.5559,	25.6056,	235676,	'1'),
(691693,	'UA',	691649,	'Теребовля',	'Terebovlya',	49.3019,	25.71,	13153,	'1'),
(691803,	'UA',	698738,	'Татарбунари',	'Tatarbunary',	45.8373,	29.6142,	10396,	'1'),
(691904,	'UA',	703446,	'Тараща',	'Tarashcha',	49.5583,	30.4926,	12952,	'1'),
(691936,	'UA',	710802,	'Тальное',	'Tal’ne',	48.8888,	30.6948,	16388,	'1'),
(691999,	'UA',	702657,	'Северодонецк',	'Syeverodonets’k',	48.9483,	38.4917,	130000,	'1'),
(692087,	'UA',	705811,	'Светловодск',	'Svitlovods’k',	49.0489,	33.2411,	47946,	'1'),
(692093,	'UA',	709716,	'Светлодарск',	'Svetlodarsk',	48.4337,	38.2233,	12273,	'1'),
(692105,	'UA',	702657,	'Свердловск',	'Sverdlovs’k',	48.0896,	39.6524,	68000,	'1'),
(692118,	'UA',	702657,	'Сватово',	'Svatove',	49.4103,	38.1503,	18770,	'1'),
(692129,	'UA',	687869,	'Свалява',	'Svalyava',	48.5485,	22.9958,	16507,	'1'),
(692194,	'UA',	692196,	'Сумы',	'Sumy',	50.9216,	34.8003,	294456,	'1'),
(692315,	'UA',	703883,	'Судак',	'Sudak',	44.8492,	34.9747,	13956,	'1'),
(692372,	'UA',	702549,	'Стрий',	'Stryi',	49.2622,	23.8561,	61404,	'1'),
(692632,	'UA',	702549,	'Стебник',	'Stebnyk',	49.2942,	23.5636,	20087,	'1'),
(692818,	'UA',	706370,	'Старокостянтинів',	'Starokostyantyniv',	49.7576,	27.2034,	33897,	'1'),
(692832,	'UA',	702657,	'Старобельск',	'Starobil’s’k',	49.2783,	38.9107,	22000,	'1'),
(692975,	'UA',	702657,	'Стаханов',	'Stakhanov',	48.5682,	38.6435,	84425,	'1'),
(693194,	'UA',	706482,	'Солоницівка',	'Solonytsivka',	49.9968,	36.0346,	12378,	'1'),
(693301,	'UA',	702549,	'Сокаль',	'Sokal’',	50.4744,	24.2829,	21451,	'1'),
(693365,	'UA',	707470,	'Снятин',	'Snyatyn',	48.4469,	25.5694,	10089,	'1'),
(693379,	'UA',	700567,	'Снігурівка',	'Snihurivka',	47.0758,	32.8052,	14873,	'1'),
(693381,	'UA',	709716,	'Снежное',	'Snizhne',	48.0261,	38.7723,	55587,	'1'),
(693457,	'UA',	710802,	'Смела',	'Smila',	49.2224,	31.8871,	67530,	'1'),
(693468,	'UA',	709716,	'Славянск',	'Sloviansk',	48.8667,	37.6167,	124800,	'1'),
(693581,	'UA',	706370,	'Славута',	'Slavuta',	50.3016,	26.8651,	33080,	'1'),
(693615,	'UA',	703446,	'Сквира',	'Skvyra',	49.7318,	29.6657,	17452,	'1'),
(693709,	'UA',	706442,	'Скадовск',	'Skadovsk',	46.1161,	32.9112,	19404,	'1'),
(693796,	'UA',	709929,	'Синельниково',	'Synel’nykove',	48.3204,	35.5179,	31900,	'1'),
(693805,	'UA',	703883,	'Симферополь',	'Simferopol’',	44.9572,	34.1108,	358108,	'1'),
(693920,	'UA',	710802,	'Шпола',	'Shpola',	49.0069,	31.3947,	18689,	'1'),
(693942,	'UA',	692196,	'Шостка',	'Shostka',	51.863,	33.4698,	85432,	'1'),
(694025,	'UA',	709929,	'Широке',	'Shyroke',	47.6917,	33.2571,	10920,	'1'),
(694216,	'UA',	706370,	'Шепетівка',	'Shepetivka',	50.1855,	27.0637,	46419,	'1'),
(694273,	'UA',	710734,	'Щорс',	'Shchors',	51.8186,	31.945,	11857,	'1'),
(694382,	'UA',	709716,	'Шахтерск',	'Shakhtërsk',	48.0625,	38.5167,	71700,	'1'),
(694403,	'UA',	709716,	'Северск',	'Seversk',	48.867,	38.1001,	13900,	'1'),
(694423,	'UA',	694422,	'Севастополь',	'Sevastopol',	44.5888,	33.5224,	379200,	'1'),
(694677,	'UA',	709716,	'Селидово',	'Selidovo',	48.1471,	37.3003,	24269,	'1'),
(694725,	'UA',	702657,	'Счастье',	'Schast’ye',	48.7396,	39.2323,	13800,	'1'),
(694792,	'UA',	695592,	'Сарни',	'Sarny',	51.338,	26.6019,	27097,	'1'),
(694864,	'UA',	702549,	'Самбор',	'Sambir',	49.5183,	23.1975,	35197,	'1'),
(694910,	'UA',	703883,	'Саки',	'Saky',	45.1342,	33.6,	28322,	'1'),
(695274,	'UA',	702657,	'Рубіжне',	'Rubizhne',	49.0123,	38.3797,	62993,	'1'),
(695326,	'UA',	689064,	'Рожище',	'Rozhyshche',	50.9154,	25.2691,	13280,	'1'),
(695344,	'UA',	698738,	'Раздельная',	'Rozdil’na',	46.8433,	30.0792,	17615,	'1'),
(695379,	'UA',	702657,	'Ровеньки',	'Roven’ki',	48.0833,	39.3776,	53600,	'1'),
(695464,	'UA',	692196,	'Ромны',	'Romny',	50.751,	33.4747,	48570,	'1'),
(695516,	'UA',	695592,	'Рокитне',	'Rokytne',	51.2796,	27.214,	11726,	'1'),
(695581,	'UA',	709716,	'Родинское',	'Rodinskoye',	48.352,	37.206,	11550,	'1'),
(695594,	'UA',	695592,	'Ровно',	'Rivne',	50.6231,	26.2274,	255106,	'1'),
(695670,	'UA',	698738,	'Рені',	'Reni',	45.4573,	28.2932,	19719,	'1'),
(695859,	'UA',	687869,	'Рахів',	'Rakhiv',	48.0526,	24.2009,	14674,	'1'),
(695912,	'UA',	686966,	'Радомышль',	'Radomyshl’',	50.4961,	29.2291,	15252,	'1'),
(695965,	'UA',	709929,	'Пятихатки',	'Piatykhatky',	48.4133,	33.7106,	20459,	'1'),
(696008,	'UA',	692196,	'Путивль',	'Putyvl’',	51.3374,	33.8707,	20000,	'1'),
(696108,	'UA',	710734,	'Прилуки',	'Pryluky',	50.5932,	32.3876,	62823,	'1'),
(696280,	'UA',	709716,	'Приморское',	'Primorskoye',	47.1744,	37.6927,	10543,	'1'),
(696292,	'UA',	687699,	'Приморск',	'Prymors’k',	46.7348,	36.3442,	13900,	'1'),
(696566,	'UA',	702657,	'Попасная',	'Popasnaya',	48.6333,	38.378,	25442,	'1'),
(696581,	'UA',	705811,	'Помошная',	'Pomichna',	48.2422,	31.4158,	10539,	'1'),
(696643,	'UA',	696634,	'Полтава',	'Poltava',	49.5937,	34.5407,	317847,	'1'),
(696660,	'UA',	706370,	'Полонне',	'Polonne',	50.1242,	27.5109,	22348,	'1'),
(696677,	'UA',	687699,	'Пологи',	'Polohy',	47.4844,	36.2536,	21380,	'1'),
(696771,	'UA',	689559,	'Погребище',	'Pohrebyshche',	49.4864,	29.2636,	10354,	'1'),
(696943,	'UA',	709929,	'Подгородное',	'Pidhorodne',	48.5753,	35.1068,	17103,	'1'),
(697183,	'UA',	696634,	'Пирятин',	'Pyryatyn',	50.2445,	32.5107,	16089,	'1'),
(697592,	'UA',	702657,	'Первомайск',	'Pervomaysk',	48.6299,	38.5481,	41480,	'1'),
(697593,	'UA',	700567,	'Первомайск',	'Pervomays’k',	48.0443,	30.8507,	70746,	'1'),
(697637,	'UA',	703446,	'Переяслав-Хмельницкий',	'Pereyaslav-Khmel’nyts’kyy',	50.0877,	31.4795,	36527,	'1'),
(697650,	'UA',	702657,	'Перевальск',	'Pereval’sk',	48.4378,	38.8438,	29220,	'1'),
(697889,	'UA',	709929,	'Павлоград',	'Pavlohrad',	48.5334,	35.8705,	115932,	'1'),
(698131,	'UA',	686966,	'Овруч',	'Ovruch',	51.3246,	28.8035,	16398,	'1'),
(698232,	'UA',	695592,	'Острог',	'Ostroh',	50.3294,	26.5142,	14251,	'1'),
(698428,	'UA',	687699,	'Оріхів',	'Orikhiv',	47.5673,	35.7858,	17287,	'1'),
(698625,	'UA',	705811,	'Александрия',	'Oleksandriya',	48.6696,	33.1159,	103000,	'1'),
(698627,	'UA',	705811,	'Александровка',	'Oleksandrivka',	48.9634,	32.2349,	10687,	'1'),
(698740,	'UA',	698738,	'Одесса',	'Odessa',	46.4775,	30.7326,	1001558,	'1'),
(698770,	'UA',	700567,	'Очаков',	'Ochakiv',	46.6128,	31.5498,	16300,	'1'),
(698782,	'UA',	703446,	'Обухов',	'Obukhiv',	50.11,	30.6227,	31557,	'1'),
(698953,	'UA',	700567,	'Новий Буг',	'Novyy Buh',	47.6931,	32.5216,	15646,	'1'),
(699035,	'UA',	689064,	'Нововолынск',	'Novovolyns’k',	50.7258,	24.1626,	57800,	'1'),
(699078,	'UA',	705811,	'Новоукраинка',	'Novoukrayinka',	48.3264,	31.5285,	18633,	'1'),
(699445,	'UA',	709929,	'Новомосковск',	'Novomoskovs’k',	48.638,	35.2455,	73100,	'1'),
(699453,	'UA',	705811,	'Новомиргород',	'Novomyrhorod',	48.7811,	31.642,	12728,	'1'),
(699553,	'UA',	686966,	'Новоград-Волынский',	'Novohrad-Volyns’kyy',	50.5941,	27.6165,	55925,	'1'),
(699675,	'UA',	709716,	'Новоазовск',	'Novoazovs\'k',	47.1139,	38.086,	12200,	'1'),
(699753,	'UA',	710734,	'Новгород-Северский',	'Novhorod-Sivers’kyy',	52.0058,	33.2615,	14400,	'1'),
(699777,	'UA',	706482,	'Нов.водолага',	'Nova Vodolaha',	49.7185,	35.8708,	13112,	'1'),
(699811,	'UA',	700567,	'Новая Одесса',	'Nova Odesa',	47.3078,	31.7851,	13547,	'1'),
(699839,	'UA',	706442,	'Нова Каховка',	'Nova Kakhovka',	46.7545,	33.3486,	50672,	'1'),
(699917,	'UA',	710734,	'Носовка',	'Nosivka',	50.9315,	31.5828,	15164,	'1'),
(699942,	'UA',	710734,	'Нежин',	'Nizhyn',	51.048,	31.8869,	75499,	'1'),
(699956,	'UA',	709716,	'Нижня Кринка',	'Nizhnyaya Krynka',	48.1135,	38.1606,	14253,	'1'),
(700019,	'UA',	703883,	'Нижнегорский',	'Nyzhn’ohirs’kyy',	45.4479,	34.7384,	72534,	'1'),
(700051,	'UA',	709929,	'Никополь',	'Nikopol’',	47.5712,	34.3964,	130500,	'1'),
(700261,	'UA',	706370,	'Нетішин',	'Netishyn',	50.34,	26.6417,	33063,	'1'),
(700322,	'UA',	689559,	'Немирів',	'Nemyriv',	48.9708,	28.8378,	11633,	'1'),
(700507,	'UA',	707470,	'Надворная',	'Nadvirna',	48.6348,	24.5694,	20154,	'1'),
(700550,	'UA',	703883,	'Щёлкино',	'Mysove',	45.4486,	35.8366,	11400,	'1'),
(700568,	'UA',	702549,	'Николаев',	'Mykolayiv',	49.5237,	23.9852,	14251,	'1'),
(700569,	'UA',	700567,	'Николаев',	'Mykolayiv',	46.9659,	31.9974,	510840,	'1'),
(700646,	'UA',	687869,	'Мукачево',	'Mukacheve',	48.4392,	22.7178,	81633,	'1'),
(700696,	'UA',	702549,	'Мостиска',	'Mostys\'ka',	49.7947,	23.1508,	11000,	'1'),
(700700,	'UA',	709716,	'Моспино',	'Mospyne',	47.8908,	38.0639,	11300,	'1'),
(700829,	'UA',	702657,	'Молодогвардейск',	'Molodogvardeysk',	48.3458,	39.6582,	25654,	'1'),
(700918,	'UA',	689559,	'Могилев-Подольский',	'Mohyliv-Podil’s’kyy',	48.446,	27.7982,	32500,	'1'),
(700997,	'UA',	703883,	'Мисхор',	'Miskhor',	44.4333,	34.0833,	30000,	'1'),
(701031,	'UA',	703446,	'Мироновка',	'Myronivka',	49.6601,	30.9823,	12871,	'1'),
(701075,	'UA',	696634,	'Миргород',	'Myrhorod',	49.9685,	33.6089,	41377,	'1'),
(701233,	'UA',	687699,	'Михайлівка',	'Mykhaylivka',	47.2724,	35.2224,	13216,	'1'),
(701347,	'UA',	706482,	'Мерефа',	'Merefa',	49.823,	36.0507,	23679,	'1'),
(701372,	'UA',	710734,	'Мена',	'Mena',	51.5217,	32.2157,	12766,	'1'),
(701404,	'UA',	687699,	'Мелитополь',	'Melitopol’',	46.8489,	35.3653,	158000,	'1'),
(701822,	'UA',	709716,	'Мариуполь',	'Mariupol',	47.0951,	37.5413,	481626,	'1'),
(701855,	'UA',	709929,	'Марганец',	'Marhanets’',	47.6354,	34.6277,	50443,	'1'),
(702116,	'UA',	686966,	'Малин',	'Malyn',	50.7723,	29.2383,	27068,	'1'),
(702147,	'UA',	705811,	'Мал.виска',	'Mala Vyska',	48.6431,	31.6366,	12644,	'1'),
(702320,	'UA',	709716,	'Макіївка',	'Makiyivka',	48.0478,	37.9258,	376610,	'1'),
(702337,	'UA',	703446,	'Макарів',	'Makariv',	50.4641,	29.8113,	11594,	'1'),
(702417,	'UA',	706482,	'Люботин',	'Lyubotyn',	49.9469,	35.9291,	22545,	'1'),
(702550,	'UA',	702549,	'Львов',	'L\'viv',	49.8383,	24.0232,	717803,	'1'),
(702563,	'UA',	702657,	'Лутугино',	'Lutugino',	48.4051,	39.2267,	18830,	'1'),
(702569,	'UA',	689064,	'Луцк',	'Luts’k',	50.7593,	25.3424,	213661,	'1'),
(702658,	'UA',	702657,	'Луганск',	'Luhans’k',	48.5671,	39.3171,	452000,	'1'),
(702723,	'UA',	696634,	'Лубны',	'Lubny',	50.0163,	32.9969,	52600,	'1'),
(702760,	'UA',	706482,	'Лозовая',	'Lozova',	48.8894,	36.3176,	62311,	'1'),
(702874,	'UA',	696634,	'Лохвица',	'Lokhvytsya',	50.3678,	33.2602,	11950,	'1'),
(702972,	'UA',	702657,	'Лисичанск',	'Lisichansk',	48.9049,	38.4421,	111600,	'1'),
(703142,	'UA',	706370,	'Летичів',	'Letychiv',	49.3826,	27.6305,	10669,	'1'),
(703428,	'UA',	689559,	'Ладижин',	'Ladyzhyn',	48.685,	29.2368,	21393,	'1'),
(703448,	'UA',	703447,	'Киев',	'Kiev',	50.4547,	30.5238,	2797553,	'1'),
(703464,	'UA',	695592,	'Кузнецовск',	'Kuznetsovs’k',	51.6833,	25.8667,	40000,	'1'),
(703646,	'UA',	709716,	'Курахово',	'Kurakhovo',	47.9852,	37.2821,	20700,	'1'),
(703656,	'UA',	706482,	'Купьянск',	'Kupjansk',	49.7209,	37.5998,	32449,	'1'),
(703845,	'UA',	709929,	'Кривой Рог',	'Kryvyy Rih',	47.9097,	33.3804,	652380,	'1'),
(704000,	'UA',	692196,	'Кролевец',	'Krolevets’',	51.5477,	33.3848,	24115,	'1'),
(704138,	'UA',	702657,	'Кременная',	'Kreminna',	49.0495,	38.2179,	23538,	'1'),
(704143,	'UA',	691649,	'Кременец',	'Kremenets’',	50.0969,	25.7246,	21000,	'1'),
(704147,	'UA',	696634,	'Кременчуг',	'Kremenchuk',	49.068,	33.4204,	227494,	'1'),
(704202,	'UA',	702657,	'Кр.луч',	'Krasnyy Luch',	48.1395,	38.9371,	90005,	'1'),
(704204,	'UA',	709716,	'Красный Лиман',	'Krasnyy Liman',	48.9884,	37.8022,	28200,	'1'),
(704362,	'UA',	703883,	'Красноперекопск',	'Krasnoperekops’k',	45.9572,	33.7965,	30700,	'1'),
(704388,	'UA',	706482,	'Красноград',	'Krasnohrad',	49.3814,	35.4402,	21426,	'1'),
(704403,	'UA',	702657,	'Краснодон',	'Krasnodon',	48.2923,	39.7373,	49352,	'1'),
(704422,	'UA',	709716,	'Красноармейск',	'Krasnoarmiys’k',	48.282,	37.1758,	68263,	'1'),
(704492,	'UA',	706370,	'Красилів',	'Krasyliv',	49.6519,	26.9725,	19815,	'1'),
(704508,	'UA',	709716,	'Краматорск',	'Kramators’k',	48.723,	37.5563,	173700,	'1'),
(704608,	'UA',	706482,	'Ківшарівка',	'Kivsharivka',	49.6213,	37.7036,	19738,	'1'),
(704617,	'UA',	689064,	'Ковель',	'Kovel’',	51.2153,	24.7087,	66400,	'1'),
(704670,	'UA',	703447,	'Коцюбинское',	'Kotsyubyns’ke',	50.4884,	30.3296,	13934,	'1'),
(704679,	'UA',	698738,	'Котовск',	'Kotovs’k',	47.7531,	29.532,	40664,	'1'),
(704705,	'UA',	696634,	'Котельва',	'Kotel’va',	50.0686,	34.7586,	12660,	'1'),
(704839,	'UA',	710734,	'Корюковка',	'Koryukivka',	51.7688,	32.2481,	14215,	'1'),
(704858,	'UA',	710802,	'Корсунь-Шевченковский',	'Korsun’-Shevchenkivs’kyy',	49.4189,	31.2586,	19000,	'1'),
(704885,	'UA',	686966,	'Коростишів',	'Korostyshiv',	50.3172,	29.0563,	25099,	'1'),
(704901,	'UA',	686966,	'Коростень',	'Korosten’',	50.9594,	28.6385,	65000,	'1'),
(705104,	'UA',	709716,	'Константиновка',	'Kostyantynivka',	48.5277,	37.7069,	91259,	'1'),
(705115,	'UA',	687699,	'Константиновка',	'Kostyantynivka',	46.8167,	35.4229,	11540,	'1'),
(705135,	'UA',	692196,	'Конотоп',	'Konotop',	51.2403,	33.2026,	91798,	'1'),
(705183,	'UA',	706482,	'Комсомольское',	'Komsomol’s’ke',	49.597,	36.5262,	15825,	'1'),
(705392,	'UA',	707470,	'Коломыя',	'Kolomyya',	48.5312,	25.0365,	61781,	'1'),
(705544,	'UA',	696634,	'Кобеляки',	'Kobelyaky',	49.1489,	34.1965,	11692,	'1'),
(705730,	'UA',	689064,	'Ківерці',	'Kivertsi',	50.8343,	25.4582,	16509,	'1'),
(705809,	'UA',	702657,	'Кировск',	'Kirovsk',	48.6375,	38.6428,	40000,	'1'),
(705812,	'UA',	705811,	'Кировоград',	'Kirovohrad',	48.5132,	32.2597,	249454,	'1'),
(705883,	'UA',	698738,	'Килия',	'Kiliya',	45.4552,	29.2637,	21754,	'1'),
(706165,	'UA',	687869,	'Хуст',	'Khust',	48.1793,	23.2991,	27999,	'1'),
(706200,	'UA',	710802,	'Христинівка',	'Khrystynivka',	48.8249,	29.9681,	14056,	'1'),
(706244,	'UA',	710720,	'Хотин',	'Khotyn',	48.5069,	26.4912,	10799,	'1'),
(706289,	'UA',	696634,	'Хорол',	'Khorol',	49.7837,	33.2783,	14117,	'1'),
(706352,	'UA',	702549,	'Ходоров',	'Khodoriv',	49.4066,	24.3136,	10172,	'1'),
(706369,	'UA',	706370,	'Хмельницкий',	'Khmel’nyts’kyy',	49.4216,	26.9965,	398346,	'1'),
(706380,	'UA',	689559,	'Хмельник',	'Khmil’nyk',	49.5598,	27.9575,	28136,	'1'),
(706448,	'UA',	706442,	'Херсон',	'Kherson',	46.6558,	32.6178,	320477,	'1'),
(706466,	'UA',	709716,	'Харцызск',	'Khartsyzsk',	48.0424,	38.1473,	64000,	'1'),
(706483,	'UA',	706482,	'Харьков',	'Kharkiv',	49.9808,	36.2527,	1430885,	'1'),
(706524,	'UA',	703883,	'Керчь',	'Kerch',	45.3607,	36.4706,	152195,	'1'),
(706571,	'UA',	689559,	'Козятин',	'Kozyatyn',	49.7143,	28.8339,	25645,	'1'),
(706749,	'UA',	696634,	'Карловка',	'Karlivka',	49.4567,	35.1295,	17226,	'1'),
(706757,	'UA',	709716,	'Соледар',	'Soledar',	48.6794,	38.089,	12662,	'1'),
(706900,	'UA',	710802,	'Канев',	'Kaniv',	49.7518,	31.46,	25666,	'1'),
(706950,	'UA',	706370,	'Каменец-Подольский',	'Kamieniec Podolski',	48.6845,	26.5856,	100000,	'1'),
(707025,	'UA',	689064,	'Kamen’-Kashirskiy',	'Kamin’-Kashyrs’kyy',	51.6241,	24.9586,	11042,	'1'),
(707052,	'UA',	710802,	'Каменка',	'Kamianka',	49.0318,	32.104,	14547,	'1'),
(707099,	'UA',	707470,	'Калуш',	'Kalush',	49.0119,	24.3731,	67698,	'1'),
(707155,	'UA',	689559,	'Калиновка',	'Kalynivka',	49.4539,	28.5261,	19315,	'1'),
(707232,	'UA',	706442,	'Каланчак',	'Kalanchak',	46.2562,	33.2907,	10673,	'1'),
(707244,	'UA',	706442,	'Каховка',	'Kakhovka',	46.8137,	33.487,	36816,	'1'),
(707251,	'UA',	703446,	'Кагарлык',	'Kaharlyk',	49.8623,	30.8281,	13245,	'1'),
(707292,	'UA',	706482,	'Изюм',	'Izyum',	49.2088,	37.2485,	53778,	'1'),
(707296,	'UA',	706370,	'Изяслав',	'Izyaslav',	50.1195,	26.8213,	17758,	'1'),
(707308,	'UA',	698738,	'Измаил',	'Izmayil',	45.3493,	28.8408,	82485,	'1'),
(707471,	'UA',	707470,	'Ивано-Франковск',	'Ivano-Frankivs’k',	48.9215,	24.7097,	204200,	'1'),
(707489,	'UA',	703446,	'Иванків',	'Ivankiv',	50.9386,	29.8943,	10170,	'1'),
(707565,	'UA',	703446,	'Ирпень',	'Irpin’',	50.5218,	30.2505,	40789,	'1'),
(707679,	'UA',	709716,	'Иловайск',	'Ilovays’k',	47.925,	38.2024,	17621,	'1'),
(707688,	'UA',	698738,	'Ильичевск',	'Illichivs’k',	46.305,	30.6548,	54102,	'1'),
(707695,	'UA',	689559,	'Иллінці',	'Illintsi',	49.1048,	29.2177,	10770,	'1'),
(707744,	'UA',	710734,	'Ичня',	'Ichnya',	50.8626,	32.3942,	12417,	'1'),
(707752,	'UA',	706370,	'Городок',	'Horodok',	49.1637,	26.5839,	17086,	'1'),
(707753,	'UA',	709716,	'Горловка',	'Horlivka',	48.347,	38.0542,	278550,	'1'),
(707758,	'UA',	692196,	'Глухов',	'Hlukhiv',	51.6782,	33.9162,	35387,	'1'),
(707898,	'UA',	687699,	'Гуляйполе',	'Hulyaypole',	47.6639,	36.2563,	16442,	'1'),
(708181,	'UA',	696634,	'Гребенка',	'Hrebinka',	50.1171,	32.4361,	11017,	'1'),
(708251,	'UA',	703446,	'Гостомель',	'Hostomel’',	50.5684,	30.2651,	12450,	'1'),
(708273,	'UA',	702657,	'Горское',	'Gorskoye',	48.7347,	38.4954,	11046,	'1'),
(708313,	'UA',	702549,	'Городок',	'Horodok',	49.7846,	23.6481,	15993,	'1'),
(708320,	'UA',	710734,	'Городня',	'Horodnya',	51.8909,	31.5974,	13601,	'1'),
(708366,	'UA',	710802,	'Городище',	'Horodyshche',	49.2849,	31.4451,	15063,	'1'),
(708632,	'UA',	706442,	'Голая Пристань',	'Hola Prystan’',	46.5272,	32.5242,	16102,	'1'),
(708753,	'UA',	696634,	'Глобино',	'Hlobyne',	49.3878,	33.2596,	12544,	'1'),
(708878,	'UA',	706442,	'Геническ',	'Heniches’k',	46.1759,	34.8034,	21663,	'1'),
(708898,	'UA',	705811,	'Гайворон',	'Hayvoron',	48.3396,	29.8679,	15526,	'1'),
(708901,	'UA',	689559,	'Гайсин',	'Haysyn',	48.8114,	29.3898,	24687,	'1'),
(708953,	'UA',	703883,	'Гаспра',	'Gaspra',	44.4336,	34.103,	11000,	'1'),
(709054,	'UA',	696634,	'Гадяч',	'Hadyach',	50.3711,	33.991,	22667,	'1'),
(709161,	'UA',	703883,	'Феодосия',	'Feodosiya',	45.0368,	35.3779,	72052,	'1'),
(709248,	'UA',	703446,	'Фастов',	'Fastiv',	50.0767,	29.9177,	51143,	'1'),
(709276,	'UA',	687699,	'Энергодар',	'Energodar',	47.4986,	34.6574,	55800,	'1'),
(709334,	'UA',	703883,	'Джанкой',	'Dzhankoy',	45.7117,	34.3927,	41731,	'1'),
(709354,	'UA',	709716,	'Дзержинск',	'Dzerzhyns’k',	48.3987,	37.8479,	41758,	'1'),
(709429,	'UA',	706370,	'Дунаївці',	'Dunaivtsi',	48.8891,	26.8564,	15836,	'1'),
(709540,	'UA',	695592,	'Дубно',	'Dubno',	50.4169,	25.7343,	37690,	'1'),
(709611,	'UA',	702549,	'Дрогобыч',	'Drohobych',	49.3499,	23.5056,	79406,	'1'),
(709717,	'UA',	709716,	'Донецк',	'Donets’k',	48.023,	37.8022,	1024700,	'1'),
(709755,	'UA',	707470,	'Долина',	'Dolyna',	48.9733,	24.0094,	20696,	'1'),
(709782,	'UA',	705811,	'Долинская',	'Dolyns\'ka',	48.1104,	32.7645,	34267,	'1'),
(709835,	'UA',	709716,	'Докучаевск',	'Dokuchayevsk',	47.7477,	37.6738,	23900,	'1'),
(709900,	'UA',	709716,	'Доброполье',	'Dobropol’ye',	48.4615,	37.0852,	35977,	'1'),
(709930,	'UA',	709929,	'Днепропетровск',	'Dnipropetrovsk',	48.45,	34.9833,	1032822,	'1'),
(709932,	'UA',	709929,	'Днепродзержинск',	'Dniprodzerzhyns’k',	48.5113,	34.6021,	248575,	'1'),
(709960,	'UA',	687699,	'Дніпрорудне',	'Dniprorudne',	47.3817,	34.9765,	20271,	'1'),
(710098,	'UA',	706482,	'Дергачи',	'Derhachy',	50.1066,	36.1211,	19322,	'1'),
(710129,	'UA',	706370,	'Деражня',	'Derazhnya',	49.2692,	27.4338,	10058,	'1'),
(710229,	'UA',	709716,	'Дебальцево',	'Debal’tsevo',	48.3407,	38.4049,	30200,	'1'),
(710374,	'UA',	706482,	'Чугуев',	'Chuhuyiv',	49.8359,	36.688,	36519,	'1'),
(710400,	'UA',	691649,	'Чортков',	'Chortkiv',	49.0171,	25.798,	28855,	'1'),
(710473,	'UA',	710802,	'Чигирин',	'Chyhyryn',	49.0838,	32.6555,	11515,	'1'),
(710548,	'UA',	702657,	'Червонопартизанск',	'Chervonopartizansk',	48.0761,	39.7962,	17526,	'1'),
(710554,	'UA',	702549,	'Червоноград',	'Chervonohrad',	50.391,	24.2351,	83000,	'1'),
(710663,	'UA',	686966,	'Черняхів',	'Chernyakhiv',	50.4565,	28.6702,	10082,	'1'),
(710687,	'UA',	703883,	'Черноморское',	'Chornomors’ke',	45.5066,	32.6978,	11000,	'1'),
(710719,	'UA',	710720,	'Черновцы',	'Chernivtsi',	48.2915,	25.9403,	236250,	'1'),
(710735,	'UA',	710734,	'Чернигов',	'Chernihiv',	51.5055,	31.2849,	307684,	'1'),
(710791,	'UA',	710802,	'Черкассы',	'Cherkasy',	49.4285,	32.0621,	297568,	'1'),
(710915,	'UA',	709716,	'Часов-Яр',	'Chasov Yar',	48.5935,	37.8572,	14360,	'1'),
(710935,	'UA',	706442,	'Чаплинка',	'Chaplynka',	46.3651,	33.5403,	10224,	'1'),
(711116,	'UA',	692196,	'Бурынь',	'Buryn’',	51.1991,	33.8352,	11400,	'1'),
(711134,	'UA',	707470,	'Бурштын',	'Burshtyn',	49.2587,	24.6278,	14729,	'1'),
(711348,	'UA',	691649,	'Бучач',	'Buchach',	49.0625,	25.388,	12082,	'1'),
(711350,	'UA',	703446,	'Буча',	'Bucha',	50.5434,	30.212,	42279,	'1'),
(711369,	'UA',	702657,	'Брянка',	'Bryanka',	48.511,	38.6722,	51921,	'1'),
(711390,	'UA',	703446,	'Бровары',	'Brovary',	50.5181,	30.8067,	88506,	'1'),
(711416,	'UA',	702549,	'Броды',	'Brody',	50.0879,	25.1503,	23239,	'1'),
(711515,	'UA',	703446,	'Боярка',	'Boyarka',	50.3191,	30.2973,	34631,	'1'),
(711536,	'UA',	710734,	'Борзна',	'Borzna',	51.2546,	32.4269,	11363,	'1'),
(711587,	'UA',	691649,	'Борщів',	'Borshchiv',	48.8033,	26.0435,	10959,	'1'),
(711635,	'UA',	703446,	'Бородянка',	'Borodyanka',	50.6448,	29.9201,	12069,	'1'),
(711660,	'UA',	703446,	'Борисполь',	'Boryspil’',	50.3527,	30.955,	55000,	'1'),
(711669,	'UA',	702549,	'Борислав',	'Boryslav',	49.2867,	23.4324,	36704,	'1'),
(711841,	'UA',	698738,	'Болград',	'Bolhrad',	45.6826,	28.6149,	16708,	'1'),
(711850,	'UA',	707470,	'Болехів',	'Bolekhiv',	49.0661,	23.8643,	10590,	'1'),
(711867,	'UA',	703446,	'Богуслав',	'Bohuslav',	49.5494,	30.8744,	16498,	'1'),
(711894,	'UA',	706482,	'Богодухов',	'Bohodukhiv',	50.1647,	35.5276,	17818,	'1'),
(711999,	'UA',	710734,	'Бобровица',	'Bobrovytsya',	50.7469,	31.3948,	11544,	'1'),
(712160,	'UA',	698738,	'Белгород-Днестровский',	'Bilhorod-Dnistrovs’kyy',	46.1952,	30.3494,	50201,	'1'),
(712165,	'UA',	703446,	'Белая Церковь',	'Bila Tserkva',	49.8094,	30.1121,	199163,	'1'),
(712260,	'UA',	706442,	'Берислав',	'Beryslav',	46.8415,	33.4284,	14880,	'1'),
(712374,	'UA',	691649,	'Бережаны',	'Бережани',	49.45,	24.9333,	16962,	'1'),
(712423,	'UA',	687869,	'Берегово',	'Berehove',	48.2056,	22.6442,	25741,	'1'),
(712441,	'UA',	686966,	'Бердичев',	'Berdychiv',	49.8993,	28.6024,	86250,	'1'),
(712451,	'UA',	687699,	'Бердянск',	'Berdyans’k',	46.7663,	36.7988,	118284,	'1'),
(712488,	'UA',	698738,	'Біляївка',	'Bilyayivka',	46.4832,	30.2168,	13762,	'1'),
(712559,	'UA',	692196,	'Белополье',	'Bilopillya',	51.1502,	34.3129,	17824,	'1'),
(712576,	'UA',	694422,	'Инкерман',	'Inkerman',	44.6139,	33.6098,	11793,	'1'),
(712587,	'UA',	703883,	'Белогорск',	'Bilohirs’k',	45.0546,	34.6018,	18091,	'1'),
(712775,	'UA',	700567,	'Баштанка',	'Bashtanka',	47.4072,	32.4387,	12657,	'1'),
(712787,	'UA',	703446,	'Барышевка',	'Baryshivka',	50.361,	31.3217,	10762,	'1'),
(712794,	'UA',	706482,	'Барвенково',	'Barvinkove',	48.9097,	37.0205,	12344,	'1'),
(712839,	'UA',	686966,	'Барановка',	'Baranovka',	50.2969,	27.6622,	12220,	'1'),
(712861,	'UA',	689559,	'Бар',	'Bar',	49.0772,	27.6826,	16641,	'1'),
(712886,	'UA',	698738,	'Балта',	'Balta',	47.9355,	29.6198,	19220,	'1'),
(712926,	'UA',	706482,	'Балаклея',	'Balakliya',	49.4627,	36.8595,	31156,	'1'),
(712930,	'UA',	694422,	'Балаклава',	'Balaklava',	44.5143,	33.6001,	20000,	'1'),
(712967,	'UA',	710734,	'Бахмач',	'Bakhmach',	51.1814,	32.8346,	23379,	'1'),
(712969,	'UA',	703883,	'Бахчисарай',	'Bakhchysaray',	44.7552,	33.8578,	26525,	'1'),
(713122,	'UA',	709716,	'Авдеевка',	'Avdeyevka',	48.1399,	37.7425,	35826,	'1'),
(713163,	'UA',	698738,	'Арциз',	'Artsyz',	45.9919,	29.4182,	15761,	'1'),
(713174,	'UA',	709716,	'Артемовск',	'Artemivs’k',	48.5956,	37.9999,	80500,	'1'),
(713203,	'UA',	703883,	'Армянск',	'Armyans’k',	46.1092,	33.6921,	26000,	'1'),
(713245,	'UA',	709929,	'Апостолове',	'Apostolove',	47.66,	33.7137,	15828,	'1'),
(713259,	'UA',	702657,	'Антрацит',	'Antratsit',	48.115,	39.0913,	61600,	'1'),
(713504,	'UA',	709716,	'Амвросиевка',	'Amvrosiyivka',	47.7935,	38.4777,	21307,	'1'),
(713513,	'UA',	703883,	'Алушта',	'Alushta',	44.6763,	34.4078,	30271,	'1'),
(713716,	'UA',	702657,	'Алчевск',	'Alchevs’k',	48.4689,	38.8167,	116000,	'1'),
(713743,	'UA',	687699,	'Якимівка',	'Yakymivka',	46.6997,	35.1592,	12353,	'1'),
(713749,	'UA',	692196,	'Ахтырка',	'Okhtyrka',	50.3104,	34.8988,	49818,	'1'),
(6559559,	'UA',	696634,	'Комсомольск',	'Komsomolsk',	49.0102,	33.6357,	51740,	'1'),
(6930327,	'UA',	703446,	'Славутич',	'Славутич',	51.5196,	30.7343,	25000,	'1'),
(7525990,	'UA',	700567,	'Южноукраинск',	'Yuzhnoukrains\'k',	47.8178,	31.1826,	39430,	'1'),
(8468760,	'UA',	702549,	'Новояворовск',	'Novoyavorivs\'k',	49.9302,	23.5736,	28807,	'1');

DROP TABLE IF EXISTS `y_geo_countries`;
CREATE TABLE `y_geo_countries` (
  `code` char(2) NOT NULL DEFAULT '',
  `code3` char(3) NOT NULL DEFAULT '',
  `num` char(3) NOT NULL DEFAULT '',
  `name` varchar(64) NOT NULL DEFAULT '',
  `name_eng` varchar(64) NOT NULL DEFAULT '',
  `cont` char(2) NOT NULL DEFAULT '',
  `tld` char(2) NOT NULL DEFAULT '',
  `currency` char(3) NOT NULL DEFAULT '',
  `area` int(10) unsigned NOT NULL DEFAULT '0',
  `population` int(10) unsigned NOT NULL DEFAULT '0',
  `phone_prefix` char(10) NOT NULL DEFAULT '',
  `languages` varchar(256) NOT NULL DEFAULT '',
  `geoname_id` int(10) NOT NULL DEFAULT '0',
  `capital_id` int(10) NOT NULL DEFAULT '0',
  `active` enum('0','1') NOT NULL DEFAULT '0',
  PRIMARY KEY (`code`)
) ENGINE=InnoDB DEFAULT CHARSET=utf8;

INSERT INTO `y_geo_countries` (`code`, `code3`, `num`, `name`, `name_eng`, `cont`, `tld`, `currency`, `area`, `population`, `phone_prefix`, `languages`, `geoname_id`, `capital_id`, `active`) VALUES
('AD',	'AND',	'020',	'Андорра',	'Andorra',	'EU',	'ad',	'EUR',	468,	84000,	'376',	'ca',	3041565,	3041563,	'0'),
('AE',	'ARE',	'784',	'ОАЭ',	'United Arab Emirates',	'AS',	'ae',	'AED',	82880,	4975593,	'971',	'ar-AE,fa,en,hi,ur',	290557,	292968,	'0'),
('AF',	'AFG',	'004',	'Афганистан',	'Afghanistan',	'AS',	'af',	'AFN',	647500,	29121286,	'93',	'fa-AF,ps,uz-AF,tk',	1149361,	1138958,	'0'),
('AG',	'ATG',	'028',	'Антигуа и Барбуда',	'Antigua and Barbuda',	'NA',	'ag',	'XCD',	443,	86754,	'+1-268',	'en-AG',	3576396,	3576022,	'0'),
('AI',	'AIA',	'660',	'Ангилья',	'Anguilla',	'NA',	'ai',	'XCD',	102,	13254,	'+1-264',	'en-AI',	3573511,	3573374,	'0'),
('AL',	'ALB',	'008',	'Албания',	'Albania',	'EU',	'al',	'ALL',	28748,	2986952,	'355',	'sq,el',	783754,	3183875,	'0'),
('AM',	'ARM',	'051',	'Армения',	'Armenia',	'AS',	'am',	'AMD',	29800,	2968000,	'374',	'hy',	174982,	616052,	'0'),
('AO',	'AGO',	'024',	'Ангола',	'Angola',	'AF',	'ao',	'AOA',	1246700,	13068161,	'244',	'pt-AO',	3351879,	2240449,	'0'),
('AQ',	'ATA',	'010',	'Антарктида',	'Antarctica',	'AN',	'aq',	'',	14000000,	0,	'',	'',	6697173,	0,	'0'),
('AR',	'ARG',	'032',	'Аргентина',	'Argentina',	'SA',	'ar',	'ARS',	2766890,	41343201,	'54',	'es-AR,en,it,de,fr,gn',	3865483,	3435910,	'0'),
('AS',	'ASM',	'016',	'Американское Самоа',	'American Samoa',	'OC',	'as',	'USD',	199,	57881,	'+1-684',	'en-AS,sm,to',	5880801,	5881576,	'0'),
('AT',	'AUT',	'040',	'Австрия',	'Austria',	'EU',	'at',	'EUR',	83858,	8205000,	'43',	'de-AT,hr,hu,sl',	2782113,	2761369,	'0'),
('AU',	'AUS',	'036',	'Австралия',	'Australia',	'OC',	'au',	'AUD',	7686850,	21515754,	'61',	'en-AU',	2077456,	2172517,	'0'),
('AW',	'ABW',	'533',	'Аруба',	'Aruba',	'NA',	'aw',	'AWG',	193,	71566,	'297',	'nl-AW,es,en',	3577279,	3577154,	'0'),
('AX',	'ALA',	'248',	'Аландские острова',	'Aland Islands',	'EU',	'ax',	'EUR',	0,	26711,	'+358-18',	'sv-AX',	661882,	3041732,	'0'),
('AZ',	'AZE',	'031',	'Азербайджан',	'Azerbaijan',	'AS',	'az',	'AZN',	86600,	8303512,	'994',	'az,ru,hy',	587116,	587084,	'0'),
('BA',	'BIH',	'070',	'Босния и Герцеговина',	'Bosnia and Herzegovina',	'EU',	'ba',	'BAM',	51129,	4590000,	'387',	'bs,hr-BA,sr-BA',	3277605,	3191281,	'0'),
('BB',	'BRB',	'052',	'Барбадос',	'Barbados',	'NA',	'bb',	'BBD',	431,	285653,	'+1-246',	'en-BB',	3374084,	3374036,	'0'),
('BD',	'BGD',	'050',	'Бангладеш',	'Bangladesh',	'AS',	'bd',	'BDT',	144000,	156118464,	'880',	'bn-BD,en',	1210997,	1185241,	'0'),
('BE',	'BEL',	'056',	'Бельгия',	'Belgium',	'EU',	'be',	'EUR',	30510,	10403000,	'32',	'nl-BE,fr-BE,de-BE',	2802361,	2800866,	'0'),
('BF',	'BFA',	'854',	'Буркина-Фасо',	'Burkina Faso',	'AF',	'bf',	'XOF',	274200,	16241811,	'226',	'fr-BF',	2361809,	2357048,	'0'),
('BG',	'BGR',	'100',	'Болгария',	'Bulgaria',	'EU',	'bg',	'BGN',	110910,	7148785,	'359',	'bg,tr-BG',	732800,	727011,	'0'),
('BH',	'BHR',	'048',	'Бахрейн',	'Bahrain',	'AS',	'bh',	'BHD',	665,	738004,	'973',	'ar-BH,en,fa,ur',	290291,	290340,	'0'),
('BI',	'BDI',	'108',	'Бурунди',	'Burundi',	'AF',	'bi',	'BIF',	27830,	9863117,	'257',	'fr-BI,rn',	433561,	425378,	'0'),
('BJ',	'BEN',	'204',	'Бенин',	'Benin',	'AF',	'bj',	'XOF',	112620,	9056010,	'229',	'fr-BJ',	2395170,	2392087,	'0'),
('BL',	'BLM',	'652',	'Сен-Бартелеми',	'Saint Barthelemy',	'NA',	'gp',	'EUR',	21,	8450,	'590',	'fr',	3578476,	3579132,	'0'),
('BM',	'BMU',	'060',	'Бермуды',	'Bermuda',	'NA',	'bm',	'BMD',	53,	65365,	'+1-441',	'en-BM,pt',	3573345,	3573197,	'0'),
('BN',	'BRN',	'096',	'Бруней',	'Brunei Darussalam',	'AS',	'bn',	'BND',	5770,	395027,	'673',	'ms-BN,en-BN',	1820814,	1820906,	'0'),
('BO',	'BOL',	'068',	'Боливия',	'Bolivia, Plurinational State of',	'SA',	'bo',	'BOB',	1098580,	9947418,	'591',	'es-BO,qu,ay',	3923057,	3903987,	'0'),
('BQ',	'BES',	'535',	'Бонэйр, Синт-Эстатиус и Саба',	'Bonaire, Sint Eustatius and Saba',	'NA',	'bq',	'USD',	0,	18012,	'599',	'nl,pap,en',	7626844,	3513563,	'0'),
('BR',	'BRA',	'076',	'Бразилия',	'Brazil',	'SA',	'br',	'BRL',	8511965,	201103330,	'55',	'pt-BR,es,en,fr',	3469034,	3469058,	'0'),
('BS',	'BHS',	'044',	'Багамы',	'Bahamas',	'NA',	'bs',	'BSD',	13940,	301790,	'+1-242',	'en-BS',	3572887,	3571824,	'0'),
('BT',	'BTN',	'064',	'Бутан',	'Bhutan',	'AS',	'bt',	'BTN',	47000,	699847,	'975',	'dz',	1252634,	1252416,	'0'),
('BV',	'BVT',	'074',	'Остров Буве',	'Bouvet Island',	'AN',	'bv',	'NOK',	0,	0,	'',	'',	3371123,	0,	'0'),
('BW',	'BWA',	'072',	'Ботсвана',	'Botswana',	'AF',	'bw',	'BWP',	600370,	2029307,	'267',	'en-BW,tn-BW',	933860,	933773,	'0'),
('BY',	'BLR',	'112',	'Белоруссия',	'Belarus',	'EU',	'by',	'BYR',	207600,	9685000,	'375',	'be,ru',	630336,	625144,	'0'),
('BZ',	'BLZ',	'084',	'Белиз',	'Belize',	'NA',	'bz',	'BZD',	22966,	314522,	'501',	'en-BZ,es',	3582678,	3582672,	'0'),
('CA',	'CAN',	'124',	'Канада',	'Canada',	'NA',	'ca',	'CAD',	9984670,	33679000,	'1',	'en-CA,fr-CA,iu',	6251999,	6094817,	'0'),
('CC',	'CCK',	'166',	'Кокосовые острова',	'Cocos (Keeling) Islands',	'AS',	'cc',	'AUD',	14,	628,	'61',	'ms-CC,en',	1547376,	7304591,	'0'),
('CD',	'COD',	'180',	'ДР Конго',	'Congo, the Democratic Republic of the',	'AF',	'cd',	'CDF',	2345410,	70916439,	'243',	'fr-CD,ln,kg',	203312,	2314302,	'0'),
('CF',	'CAF',	'140',	'ЦАР',	'Central African Republic',	'AF',	'cf',	'XAF',	622984,	4844927,	'236',	'fr-CF,sg,ln,kg',	239880,	2389853,	'0'),
('CG',	'COG',	'178',	'Республика Конго',	'Congo',	'AF',	'cg',	'XAF',	342000,	3039126,	'242',	'fr-CG,kg,ln-CG',	2260494,	2260535,	'0'),
('CH',	'CHE',	'756',	'Швейцария',	'Switzerland',	'EU',	'ch',	'CHF',	41290,	7581000,	'41',	'de-CH,fr-CH,it-CH,rm',	2658434,	2661552,	'0'),
('CI',	'CIV',	'384',	'Кот-д’Ивуар',	'Cote d\'Ivoire',	'AF',	'ci',	'XOF',	322460,	21058798,	'225',	'fr-CI',	2287781,	2279755,	'0'),
('CK',	'COK',	'184',	'Острова Кука',	'Cook Islands',	'OC',	'ck',	'NZD',	240,	21388,	'682',	'en-CK,mi',	1899402,	4035715,	'0'),
('CL',	'CHL',	'152',	'Чили',	'Chile',	'SA',	'cl',	'CLP',	756950,	16746491,	'56',	'es-CL',	3895114,	3871336,	'0'),
('CM',	'CMR',	'120',	'Камерун',	'Cameroon',	'AF',	'cm',	'XAF',	475440,	19294149,	'237',	'en-CM,fr-CM',	2233387,	2220957,	'0'),
('CN',	'CHN',	'156',	'КНР',	'China',	'AS',	'cn',	'CNY',	9596960,	1330044000,	'86',	'zh-CN,yue,wuu,dta,ug,za',	1814991,	1816670,	'0'),
('CO',	'COL',	'170',	'Колумбия',	'Colombia',	'SA',	'co',	'COP',	1138910,	44205293,	'57',	'es-CO',	3686110,	3688689,	'0'),
('CR',	'CRI',	'188',	'Коста-Рика',	'Costa Rica',	'NA',	'cr',	'CRC',	51100,	4516220,	'506',	'es-CR,en',	3624060,	3621849,	'0'),
('CU',	'CUB',	'192',	'Куба',	'Cuba',	'NA',	'cu',	'CUP',	110860,	11423000,	'53',	'es-CU',	3562981,	3553478,	'0'),
('CV',	'CPV',	'132',	'Кабо-Верде',	'Cape Verde',	'AF',	'cv',	'CVE',	4033,	508659,	'238',	'pt-CV',	3374766,	3374333,	'0'),
('CW',	'CUW',	'531',	'Кюрасао',	'Curacao',	'NA',	'cw',	'ANG',	0,	141766,	'599',	'nl,pap',	7626836,	3513090,	'0'),
('CX',	'CXR',	'162',	'Остров Рождества',	'Christmas Island',	'AS',	'cx',	'AUD',	135,	1500,	'61',	'en,zh,ms-CC',	2078138,	2078127,	'0'),
('CY',	'CYP',	'196',	'Кипр',	'Cyprus',	'EU',	'cy',	'EUR',	9250,	1102677,	'357',	'el-CY,tr-CY,en',	146669,	146268,	'0'),
('CZ',	'CZE',	'203',	'Чехия',	'Czech Republic',	'EU',	'cz',	'CZK',	78866,	10476000,	'420',	'cs,sk',	3077311,	3067696,	'0'),
('DE',	'DEU',	'276',	'Германия',	'Germany',	'EU',	'de',	'EUR',	357021,	81802257,	'49',	'de',	2921044,	2950159,	'1'),
('DJ',	'DJI',	'262',	'Джибути',	'Djibouti',	'AF',	'dj',	'DJF',	23000,	740528,	'253',	'fr-DJ,ar,so-DJ,aa',	223816,	223817,	'0'),
('DK',	'DNK',	'208',	'Дания',	'Denmark',	'EU',	'dk',	'DKK',	43094,	5484000,	'45',	'da-DK,en,fo,de-DK',	2623032,	2618425,	'0'),
('DM',	'DMA',	'212',	'Доминика',	'Dominica',	'NA',	'dm',	'XCD',	754,	72813,	'+1-767',	'en-DM',	3575830,	3575635,	'0'),
('DO',	'DOM',	'214',	'Доминиканская Республика',	'Dominican Republic',	'NA',	'do',	'DOP',	48730,	9823821,	'+1-809 and',	'es-DO',	3508796,	3492908,	'0'),
('DZ',	'DZA',	'012',	'Алжир',	'Algeria',	'AF',	'dz',	'DZD',	2381740,	34586184,	'213',	'ar-DZ',	2589581,	2507480,	'0'),
('EC',	'ECU',	'218',	'Эквадор',	'Ecuador',	'SA',	'ec',	'USD',	283560,	14790608,	'593',	'es-EC',	3658394,	3652462,	'0'),
('EE',	'EST',	'233',	'Эстония',	'Estonia',	'EU',	'ee',	'EUR',	45226,	1291170,	'372',	'et,ru',	453733,	588409,	'0'),
('EG',	'EGY',	'818',	'Египет',	'Egypt',	'AF',	'eg',	'EGP',	1001450,	80471869,	'20',	'ar-EG,en,fr',	357994,	360630,	'0'),
('EH',	'ESH',	'732',	'Западная Сахара',	'Western Sahara',	'AF',	'eh',	'MAD',	266000,	273008,	'212',	'ar,mey',	2461445,	2462881,	'0'),
('ER',	'ERI',	'232',	'Эритрея',	'Eritrea',	'AF',	'er',	'ERN',	121320,	5792984,	'291',	'aa-ER,ar,tig,kun,ti-ER',	338010,	343300,	'0'),
('ES',	'ESP',	'724',	'Испания',	'Spain',	'EU',	'es',	'EUR',	504782,	46505963,	'34',	'es-ES,ca,gl,eu,oc',	2510769,	3117735,	'1'),
('ET',	'ETH',	'231',	'Эфиопия',	'Ethiopia',	'AF',	'et',	'ETB',	1127127,	88013491,	'251',	'am,en-ET,om-ET,ti-ET,so-ET,sid',	337996,	344979,	'0'),
('EU',	'',	'',	'Европейский союз',	'',	'',	'',	'',	0,	0,	'',	'',	0,	0,	'0'),
('FI',	'FIN',	'246',	'Финляндия',	'Finland',	'EU',	'fi',	'EUR',	337030,	5244000,	'358',	'fi-FI,sv-FI,smn',	660013,	658225,	'0'),
('FJ',	'FJI',	'242',	'Фиджи',	'Fiji',	'OC',	'fj',	'FJD',	18270,	875983,	'679',	'en-FJ,fj',	2205218,	2198148,	'0'),
('FK',	'FLK',	'238',	'Фолклендские острова',	'Falkland Islands (Malvinas)',	'SA',	'fk',	'FKP',	12173,	2638,	'500',	'en-FK',	3474414,	3426691,	'0'),
('FM',	'FSM',	'583',	'Микронезия',	'Micronesia, Federated States of',	'OC',	'fm',	'USD',	702,	107708,	'691',	'en-FM,chk,pon,yap,kos,uli,woe,nkr,kpg',	2081918,	2081986,	'0'),
('FO',	'FRO',	'234',	'Фарерские острова',	'Faroe Islands',	'EU',	'fo',	'DKK',	1399,	48228,	'298',	'fo,da-FO',	2622320,	2611396,	'0'),
('FR',	'FRA',	'250',	'Франция',	'France',	'EU',	'fr',	'EUR',	547030,	64768389,	'33',	'fr-FR,frp,br,co,ca,eu,oc',	3017382,	2988507,	'1'),
('GA',	'GAB',	'266',	'Габон',	'Gabon',	'AF',	'ga',	'XAF',	267667,	1545255,	'241',	'fr-GA',	2400553,	2399697,	'0'),
('GB',	'GBR',	'826',	'Великобритания',	'United Kingdom',	'EU',	'uk',	'GBP',	244820,	62348447,	'44',	'en-GB,cy-GB,gd',	2635167,	2643743,	'1'),
('GD',	'GRD',	'308',	'Гренада',	'Grenada',	'NA',	'gd',	'XCD',	344,	107818,	'+1-473',	'en-GD',	3580239,	3579925,	'0'),
('GE',	'GEO',	'268',	'Грузия',	'Georgia',	'AS',	'ge',	'GEL',	69700,	4630000,	'995',	'ka,ru,hy,az',	614540,	611717,	'0'),
('GF',	'GUF',	'254',	'Гвиана',	'French Guiana',	'SA',	'gf',	'EUR',	91000,	195506,	'594',	'fr-GF',	3381670,	3382160,	'0'),
('GG',	'GGY',	'831',	'Гернси',	'Guernsey',	'EU',	'gg',	'GBP',	78,	65228,	'+44-1481',	'en,fr',	3042362,	3042287,	'0'),
('GH',	'GHA',	'288',	'Гана',	'Ghana',	'AF',	'gh',	'GHS',	239460,	24339838,	'233',	'en-GH,ak,ee,tw',	2300660,	2306104,	'0'),
('GI',	'GIB',	'292',	'Гибралтар',	'Gibraltar',	'EU',	'gi',	'GIP',	7,	27884,	'350',	'en-GI,es,it,pt',	2411586,	2411585,	'0'),
('GL',	'GRL',	'304',	'Гренландия',	'Greenland',	'NA',	'gl',	'DKK',	2166086,	56375,	'299',	'kl,da-GL,en',	3425505,	3421319,	'0'),
('GM',	'GMB',	'270',	'Гамбия',	'Gambia',	'AF',	'gm',	'GMD',	11300,	1593256,	'220',	'en-GM,mnk,wof,wo,ff',	2413451,	2413876,	'0'),
('GN',	'GIN',	'324',	'Гвинея',	'Guinea',	'AF',	'gn',	'GNF',	245857,	10324025,	'224',	'fr-GN',	2420477,	2422465,	'0'),
('GP',	'GLP',	'312',	'Гваделупа',	'Guadeloupe',	'NA',	'gp',	'EUR',	1780,	443000,	'590',	'fr-GP',	3579143,	3579732,	'0'),
('GQ',	'GNQ',	'226',	'Экваториальная Гвинея',	'Equatorial Guinea',	'AF',	'gq',	'XAF',	28051,	1014999,	'240',	'es-GQ,fr',	2309096,	2309527,	'0'),
('GR',	'GRC',	'300',	'Греция',	'Greece',	'EU',	'gr',	'EUR',	131940,	11000000,	'30',	'el-GR,en,fr',	390903,	264371,	'0'),
('GS',	'SGS',	'239',	'Южная Георгия и Южные Сандвичевы острова',	'South Georgia and the South Sandwich Islands',	'AN',	'gs',	'GBP',	3903,	30,	'',	'en',	3474415,	3426466,	'0'),
('GT',	'GTM',	'320',	'Гватемала',	'Guatemala',	'NA',	'gt',	'GTQ',	108890,	13550440,	'502',	'es-GT',	3595528,	3598132,	'0'),
('GU',	'GUM',	'316',	'Гуам',	'Guam',	'OC',	'gu',	'USD',	549,	159358,	'+1-671',	'en-GU,ch-GU',	4043988,	4044012,	'0'),
('GW',	'GNB',	'624',	'Гвинея-Бисау',	'Guinea-Bissau',	'AF',	'gw',	'XOF',	36120,	1565126,	'245',	'pt-GW,pov',	2372248,	2374775,	'0'),
('GY',	'GUY',	'328',	'Гайана',	'Guyana',	'SA',	'gy',	'GYD',	214970,	748486,	'592',	'en-GY',	3378535,	3378644,	'0'),
('HK',	'HKG',	'344',	'Гонконг',	'Hong Kong',	'AS',	'hk',	'HKD',	1092,	6898686,	'852',	'zh-HK,yue,zh,en',	1819730,	1819729,	'0'),
('HM',	'HMD',	'334',	'Херд и Макдональд',	'Heard Island and McDonald Islands',	'AN',	'hm',	'AUD',	412,	0,	'',	'',	1547314,	0,	'0'),
('HN',	'HND',	'340',	'Гондурас',	'Honduras',	'NA',	'hn',	'HNL',	112090,	7989415,	'504',	'es-HN',	3608932,	3600949,	'0'),
('HR',	'HRV',	'191',	'Хорватия',	'Croatia',	'EU',	'hr',	'HRK',	56542,	4491000,	'385',	'hr-HR,sr',	3202326,	3186886,	'0'),
('HT',	'HTI',	'332',	'Гаити',	'Haiti',	'NA',	'ht',	'HTG',	27750,	9648924,	'509',	'ht,fr-HT',	3723988,	3718426,	'0'),
('HU',	'HUN',	'348',	'Венгрия',	'Hungary',	'EU',	'hu',	'HUF',	93030,	9982000,	'36',	'hu-HU',	719819,	3054643,	'0'),
('ID',	'IDN',	'360',	'Индонезия',	'Indonesia',	'AS',	'id',	'IDR',	1919440,	242968342,	'62',	'id,en,nl,jv',	1643084,	1642911,	'0'),
('IE',	'IRL',	'372',	'Ирландия',	'Ireland',	'EU',	'ie',	'EUR',	70280,	4622917,	'353',	'en-IE,ga-IE',	2963597,	2964574,	'0'),
('IL',	'ISR',	'376',	'Израиль',	'Israel',	'AS',	'il',	'ILS',	20770,	7353985,	'972',	'he,ar-IL,en-IL,',	294640,	0,	'0'),
('IM',	'IMN',	'833',	'Остров Мэн',	'Isle of Man',	'EU',	'im',	'GBP',	572,	75049,	'+44-1624',	'en,gv',	3042225,	3042237,	'0'),
('IN',	'IND',	'356',	'Индия',	'India',	'AS',	'in',	'INR',	3287590,	1173108018,	'91',	'en-IN,hi,bn,te,mr,ta,ur,gu,kn,ml,or,pa,as,bh,sat,ks,ne,sd,kok,doi,mni,sit,sa,fr,lus,inc',	1269750,	1261481,	'0'),
('IO',	'IOT',	'086',	'Британская территория в Индийском океане',	'British Indian Ocean Territory',	'AS',	'io',	'USD',	60,	4000,	'246',	'en-IO',	1282588,	0,	'0'),
('IQ',	'IRQ',	'368',	'Ирак',	'Iraq',	'AS',	'iq',	'IQD',	437072,	29671605,	'964',	'ar-IQ,ku,hy',	99237,	98182,	'0'),
('IR',	'IRN',	'364',	'Иран',	'Iran, Islamic Republic of',	'AS',	'ir',	'IRR',	1648000,	76923300,	'98',	'fa-IR,ku',	130758,	112931,	'0'),
('IS',	'ISL',	'352',	'Исландия',	'Iceland',	'EU',	'is',	'ISK',	103000,	308910,	'354',	'is,en,de,da,sv,no',	2629691,	3413829,	'0'),
('IT',	'ITA',	'380',	'Италия',	'Italy',	'EU',	'it',	'EUR',	301230,	60340328,	'39',	'it-IT,de-IT,fr-IT,sc,ca,co,sl',	3175395,	3169070,	'0'),
('JE',	'JEY',	'832',	'Джерси (остров)',	'Jersey',	'EU',	'je',	'GBP',	116,	90812,	'+44-1534',	'en,pt',	3042142,	3042091,	'0'),
('JM',	'JAM',	'388',	'Ямайка',	'Jamaica',	'NA',	'jm',	'JMD',	10991,	2847232,	'+1-876',	'en-JM',	3489940,	3489854,	'0'),
('JO',	'JOR',	'400',	'Иордания',	'Jordan',	'AS',	'jo',	'JOD',	92300,	6407085,	'962',	'ar-JO,en',	248816,	250441,	'0'),
('JP',	'JPN',	'392',	'Япония',	'Japan',	'AS',	'jp',	'JPY',	377835,	127288000,	'81',	'ja',	1861060,	1850147,	'0'),
('KE',	'KEN',	'404',	'Кения',	'Kenya',	'AF',	'ke',	'KES',	582650,	40046566,	'254',	'en-KE,sw-KE',	192950,	184745,	'0'),
('KG',	'KGZ',	'417',	'Киргизия',	'Kyrgyzstan',	'AS',	'kg',	'KGS',	198500,	5508626,	'996',	'ky,uz,ru',	1527747,	1528675,	'0'),
('KH',	'KHM',	'116',	'Камбоджа',	'Cambodia',	'AS',	'kh',	'KHR',	181040,	14453680,	'855',	'km,fr,en',	1831722,	1821306,	'0'),
('KI',	'KIR',	'296',	'Кирибати',	'Kiribati',	'OC',	'ki',	'AUD',	811,	92533,	'686',	'en-KI,gil',	4030945,	2110257,	'0'),
('KM',	'COM',	'174',	'Коморы',	'Comoros',	'AF',	'km',	'KMF',	2170,	773407,	'269',	'ar,fr-KM',	921929,	921772,	'0'),
('KN',	'KNA',	'659',	'Сент-Китс и Невис',	'Saint Kitts and Nevis',	'NA',	'kn',	'XCD',	261,	49898,	'+1-869',	'en-KN',	3575174,	3575551,	'0'),
('KP',	'PRK',	'408',	'КНДР',	'Korea, Democratic People\'s Republic of',	'AS',	'kp',	'KPW',	120540,	22912177,	'850',	'ko-KP',	1873107,	1871859,	'0'),
('KR',	'KOR',	'410',	'Республика Корея',	'Korea, Republic of',	'AS',	'kr',	'KRW',	98480,	48422644,	'82',	'ko-KR,en',	1835841,	1835848,	'0'),
('KW',	'KWT',	'414',	'Кувейт',	'Kuwait',	'AS',	'kw',	'KWD',	17820,	2789132,	'965',	'ar-KW,en',	285570,	285787,	'0'),
('KY',	'CYM',	'136',	'Каймановы острова',	'Cayman Islands',	'NA',	'ky',	'KYD',	262,	44270,	'+1-345',	'en-KY',	3580718,	3580661,	'0'),
('KZ',	'KAZ',	'398',	'Казахстан',	'Kazakhstan',	'AS',	'kz',	'KZT',	2717300,	15340000,	'7',	'kk,ru',	1522867,	1526273,	'0'),
('LA',	'LAO',	'418',	'Лаос',	'Lao People\'s Democratic Republic',	'AS',	'la',	'LAK',	236800,	6368162,	'856',	'lo,fr,en',	1655842,	1651944,	'0'),
('LB',	'LBN',	'422',	'Ливан',	'Lebanon',	'AS',	'lb',	'LBP',	10400,	4125247,	'961',	'ar-LB,fr-LB,en,hy',	272103,	276781,	'0'),
('LC',	'LCA',	'662',	'Сент-Люсия',	'Saint Lucia',	'NA',	'lc',	'XCD',	616,	160922,	'+1-758',	'en-LC',	3576468,	3576812,	'0'),
('LI',	'LIE',	'438',	'Лихтенштейн',	'Liechtenstein',	'EU',	'li',	'CHF',	160,	35000,	'423',	'de-LI',	3042058,	3042030,	'0'),
('LK',	'LKA',	'144',	'Шри-Ланка',	'Sri Lanka',	'AS',	'lk',	'LKR',	65610,	21513990,	'94',	'si,ta,en',	1227603,	1248991,	'0'),
('LR',	'LBR',	'430',	'Либерия',	'Liberia',	'AF',	'lr',	'LRD',	111370,	3685076,	'231',	'en-LR',	2275384,	2274895,	'0'),
('LS',	'LSO',	'426',	'Лесото',	'Lesotho',	'AF',	'ls',	'LSL',	30355,	1919552,	'266',	'en-LS,st,zu,xh',	932692,	932505,	'0'),
('LT',	'LTU',	'440',	'Литва',	'Lithuania',	'EU',	'lt',	'LTL',	65200,	3565000,	'370',	'lt,ru,pl',	597427,	593116,	'0'),
('LU',	'LUX',	'442',	'Люксембург',	'Luxembourg',	'EU',	'lu',	'EUR',	2586,	497538,	'352',	'lb,de-LU,fr-LU',	2960313,	2960316,	'0'),
('LV',	'LVA',	'428',	'Латвия',	'Latvia',	'EU',	'lv',	'LVL',	64589,	2217969,	'371',	'lv,ru,lt',	458258,	456172,	'0'),
('LY',	'LBY',	'434',	'Ливия',	'Libya',	'AF',	'ly',	'LYD',	1759540,	6461454,	'218',	'ar-LY,it,en',	2215636,	2210247,	'0'),
('MA',	'MAR',	'504',	'Марокко',	'Morocco',	'AF',	'ma',	'MAD',	446550,	31627428,	'212',	'ar-MA,fr',	2542007,	2538475,	'0'),
('MC',	'MCO',	'492',	'Монако',	'Monaco',	'EU',	'mc',	'EUR',	2,	32965,	'377',	'fr-MC,en,it',	2993457,	2993458,	'0'),
('MD',	'MDA',	'498',	'Молдавия',	'Moldova, Republic of',	'EU',	'md',	'MDL',	33843,	4324000,	'373',	'ro,ru,gag,tr',	617790,	618426,	'0'),
('ME',	'MNE',	'499',	'Черногория',	'Montenegro',	'EU',	'me',	'EUR',	14026,	666730,	'382',	'sr,hu,bs,sq,hr,rom',	3194884,	3193044,	'0'),
('MF',	'MAF',	'663',	'Сен-Мартен',	'Saint Martin (French part)',	'NA',	'gp',	'EUR',	53,	35925,	'590',	'fr',	3578421,	3578851,	'0'),
('MG',	'MDG',	'450',	'Мадагаскар',	'Madagascar',	'AF',	'mg',	'MGA',	587040,	21281844,	'261',	'fr-MG,mg',	1062947,	1070940,	'0'),
('MH',	'MHL',	'584',	'Маршалловы Острова',	'Marshall Islands',	'OC',	'mh',	'USD',	181,	65859,	'692',	'mh,en-MH',	2080185,	2113779,	'0'),
('MK',	'MKD',	'807',	'Македония',	'Macedonia, the former Yugoslav Republic of',	'EU',	'mk',	'MKD',	25333,	2061000,	'389',	'mk,sq,tr,rmm,sr',	718075,	785842,	'0'),
('ML',	'MLI',	'466',	'Мали',	'Mali',	'AF',	'ml',	'XOF',	1240000,	13796354,	'223',	'fr-ML,bm',	2453866,	2460596,	'0'),
('MM',	'MMR',	'104',	'Мьянма',	'Myanmar',	'AS',	'mm',	'MMK',	678500,	53414374,	'95',	'my',	1327865,	6611854,	'0'),
('MN',	'MNG',	'496',	'Монголия',	'Mongolia',	'AS',	'mn',	'MNT',	1565000,	3086918,	'976',	'mn,ru',	2029969,	2028462,	'0'),
('MO',	'MAC',	'446',	'Макао',	'Macao',	'AS',	'mo',	'MOP',	254,	449198,	'853',	'zh,zh-MO,pt',	1821275,	1821274,	'0'),
('MP',	'MNP',	'580',	'Северные Марианские острова',	'Northern Mariana Islands',	'OC',	'mp',	'USD',	477,	53883,	'+1-670',	'fil,tl,zh,ch-MP,en-MP',	4041468,	7828758,	'0'),
('MQ',	'MTQ',	'474',	'Мартиника',	'Martinique',	'NA',	'mq',	'EUR',	1100,	432900,	'596',	'fr-MQ',	3570311,	3570675,	'0'),
('MR',	'MRT',	'478',	'Мавритания',	'Mauritania',	'AF',	'mr',	'MRO',	1030700,	3205060,	'222',	'ar-MR,fuc,snk,fr,mey,wo',	2378080,	2377450,	'0'),
('MS',	'MSR',	'500',	'Монтсеррат',	'Montserrat',	'NA',	'ms',	'XCD',	102,	9341,	'+1-664',	'en-MS',	3578097,	3578069,	'0'),
('MT',	'MLT',	'470',	'Мальта',	'Malta',	'EU',	'mt',	'EUR',	316,	403000,	'356',	'mt,en-MT',	2562770,	2562305,	'0'),
('MU',	'MUS',	'480',	'Маврикий',	'Mauritius',	'AF',	'mu',	'MUR',	2040,	1294104,	'230',	'en-MU,bho,fr',	934292,	934154,	'0'),
('MV',	'MDV',	'462',	'Мальдивы',	'Maldives',	'AS',	'mv',	'MVR',	300,	395650,	'960',	'dv,en',	1282028,	1282027,	'0'),
('MW',	'MWI',	'454',	'Малави',	'Malawi',	'AF',	'mw',	'MWK',	118480,	15447500,	'265',	'ny,yao,tum,swk',	927384,	927967,	'0'),
('MX',	'MEX',	'484',	'Мексика',	'Mexico',	'NA',	'mx',	'MXN',	1972550,	112468855,	'52',	'es-MX',	3996063,	3530597,	'0'),
('MY',	'MYS',	'458',	'Малайзия',	'Malaysia',	'AS',	'my',	'MYR',	329750,	28274729,	'60',	'ms-MY,en,zh,ta,te,ml,pa,th',	1733045,	1735161,	'0'),
('MZ',	'MOZ',	'508',	'Мозамбик',	'Mozambique',	'AF',	'mz',	'MZN',	801590,	22061451,	'258',	'pt-MZ,vmw',	1036973,	1040652,	'0'),
('NA',	'NAM',	'516',	'Намибия',	'Namibia',	'AF',	'na',	'NAD',	825418,	2128471,	'264',	'en-NA,af,de,hz,naq',	3355338,	3352136,	'0'),
('NC',	'NCL',	'540',	'Новая Каледония',	'New Caledonia',	'OC',	'nc',	'XPF',	19060,	216494,	'687',	'fr-NC',	2139685,	2139521,	'0'),
('NE',	'NER',	'562',	'Нигер',	'Niger',	'AF',	'ne',	'XOF',	1267000,	15878271,	'227',	'fr-NE,ha,kr,dje',	2440476,	2440485,	'0'),
('NF',	'NFK',	'574',	'Остров Норфолк',	'Norfolk Island',	'OC',	'nf',	'AUD',	35,	1828,	'672',	'en-NF',	2155115,	2161314,	'0'),
('NG',	'NGA',	'566',	'Нигерия',	'Nigeria',	'AF',	'ng',	'NGN',	923768,	154000000,	'234',	'en-NG,ha,yo,ig,ff',	2328926,	2352778,	'0'),
('NI',	'NIC',	'558',	'Никарагуа',	'Nicaragua',	'NA',	'ni',	'NIO',	129494,	5995928,	'505',	'es-NI,en',	3617476,	3617763,	'0'),
('NL',	'NLD',	'528',	'Нидерланды',	'Netherlands',	'EU',	'nl',	'EUR',	41526,	16645000,	'31',	'nl-NL,fy-NL',	2750405,	2759794,	'0'),
('NO',	'NOR',	'578',	'Норвегия',	'Norway',	'EU',	'no',	'NOK',	324220,	5009150,	'47',	'no,nb,nn,se,fi',	3144096,	3143244,	'0'),
('NP',	'NPL',	'524',	'Непал',	'Nepal',	'AS',	'np',	'NPR',	140800,	28951852,	'977',	'ne,en',	1282988,	1283240,	'0'),
('NR',	'NRU',	'520',	'Науру',	'Nauru',	'OC',	'nr',	'AUD',	21,	10065,	'674',	'na,en-NR',	2110425,	0,	'0'),
('NU',	'NIU',	'570',	'Ниуэ',	'Niue',	'OC',	'nu',	'NZD',	260,	2166,	'683',	'niu,en-NU',	4036232,	4036284,	'0'),
('NZ',	'NZL',	'554',	'Новая Зеландия',	'New Zealand',	'OC',	'nz',	'NZD',	268680,	4252277,	'64',	'en-NZ,mi',	2186224,	2179537,	'0'),
('OM',	'OMN',	'512',	'Оман',	'Oman',	'AS',	'om',	'OMR',	212460,	2967717,	'968',	'ar-OM,en,bal,ur',	286963,	287286,	'0'),
('PA',	'PAN',	'591',	'Панама',	'Panama',	'NA',	'pa',	'PAB',	78200,	3410676,	'507',	'es-PA,en',	3703430,	3703443,	'0'),
('PE',	'PER',	'604',	'Перу',	'Peru',	'SA',	'pe',	'PEN',	1285220,	29907003,	'51',	'es-PE,qu,ay',	3932488,	3936456,	'0'),
('PF',	'PYF',	'258',	'Французская Полинезия',	'French Polynesia',	'OC',	'pf',	'XPF',	4167,	270485,	'689',	'fr-PF,ty',	4030656,	4033936,	'0'),
('PG',	'PNG',	'598',	'Папуа — Новая Гвинея',	'Papua New Guinea',	'OC',	'pg',	'PGK',	462840,	6064515,	'675',	'en-PG,ho,meu,tpi',	2088628,	2088122,	'0'),
('PH',	'PHL',	'608',	'Филиппины',	'Philippines',	'AS',	'ph',	'PHP',	300000,	99900177,	'63',	'tl,en-PH,fil',	1694008,	1701668,	'0'),
('PK',	'PAK',	'586',	'Пакистан',	'Pakistan',	'AS',	'pk',	'PKR',	803940,	184404791,	'92',	'ur-PK,en-PK,pa,sd,ps,brh',	1168579,	1176615,	'0'),
('PL',	'POL',	'616',	'Польша',	'Poland',	'EU',	'pl',	'PLN',	312685,	38500000,	'48',	'pl',	798544,	756135,	'0'),
('PM',	'SPM',	'666',	'Сен-Пьер и Микелон',	'Saint Pierre and Miquelon',	'NA',	'pm',	'EUR',	242,	7012,	'508',	'fr-PM',	3424932,	3424934,	'0'),
('PN',	'PCN',	'612',	'Острова Питкэрн',	'Pitcairn',	'OC',	'pn',	'NZD',	47,	46,	'870',	'en-PN',	4030699,	4030723,	'0'),
('PR',	'PRI',	'630',	'Пуэрто-Рико',	'Puerto Rico',	'NA',	'pr',	'USD',	9104,	3916632,	'+1-787 and',	'en-PR,es-PR',	4566966,	4568127,	'0'),
('PS',	'PSE',	'275',	'Государство Палестина',	'Palestine, State of',	'AS',	'ps',	'ILS',	5970,	3800000,	'970',	'ar-PS',	6254930,	0,	'0'),
('PT',	'PRT',	'620',	'Португалия',	'Portugal',	'EU',	'pt',	'EUR',	92391,	10676000,	'351',	'pt-PT,mwl',	2264397,	2267057,	'0'),
('PW',	'PLW',	'585',	'Палау',	'Palau',	'OC',	'pw',	'USD',	458,	19907,	'680',	'pau,sov,en-PW,tox,ja,fil,zh',	1559582,	7303944,	'0'),
('PY',	'PRY',	'600',	'Парагвай',	'Paraguay',	'SA',	'py',	'PYG',	406750,	6375830,	'595',	'es-PY,gn',	3437598,	3439389,	'0'),
('QA',	'QAT',	'634',	'Катар',	'Qatar',	'AS',	'qa',	'QAR',	11437,	840926,	'974',	'ar-QA,es',	289688,	290030,	'0'),
('RE',	'REU',	'638',	'Реюньон',	'Reunion',	'AF',	're',	'EUR',	2517,	776948,	'262',	'fr-RE',	935317,	935264,	'0'),
('RO',	'ROU',	'642',	'Румыния',	'Romania',	'EU',	'ro',	'RON',	237500,	21959278,	'40',	'ro,hu,rom',	798549,	683506,	'0'),
('RS',	'SRB',	'688',	'Сербия',	'Serbia',	'EU',	'rs',	'RSD',	88361,	7344847,	'381',	'sr,hu,bs,rom',	6290252,	792680,	'0'),
('RU',	'RUS',	'643',	'Россия',	'Russian Federation',	'EU',	'ru',	'RUB',	17100000,	140702000,	'7',	'ru,tt,xal,cau,ady,kv,ce,tyv,cv,udm,tut,mns,bua,myv,mdf,chm,ba,inh,tut,kbd,krc,ava,sah,nog',	2017370,	524901,	'1'),
('RW',	'RWA',	'646',	'Руанда',	'Rwanda',	'AF',	'rw',	'RWF',	26338,	11055976,	'250',	'rw,en-RW,fr-RW,sw',	49518,	202061,	'0'),
('SA',	'SAU',	'682',	'Саудовская Аравия',	'Saudi Arabia',	'AS',	'sa',	'SAR',	1960582,	25731776,	'966',	'ar-SA',	102358,	108410,	'0'),
('SB',	'SLB',	'090',	'Соломоновы Острова',	'Solomon Islands',	'OC',	'sb',	'SBD',	28450,	559198,	'677',	'en-SB,tpi',	2103350,	2108502,	'0'),
('SC',	'SYC',	'690',	'Сейшельские Острова',	'Seychelles',	'AF',	'sc',	'SCR',	455,	88340,	'248',	'en-SC,fr-SC',	241170,	241131,	'0'),
('SD',	'SDN',	'729',	'Судан',	'Sudan',	'AF',	'sd',	'SDG',	1861484,	35000000,	'249',	'ar-SD,en,fia',	366755,	379252,	'0'),
('SE',	'SWE',	'752',	'Швеция',	'Sweden',	'EU',	'se',	'SEK',	449964,	9555893,	'46',	'sv-SE,se,sma,fi-SE',	2661886,	2673730,	'0'),
('SG',	'SGP',	'702',	'Сингапур',	'Singapore',	'AS',	'sg',	'SGD',	693,	4701069,	'65',	'cmn,en-SG,ms-SG,ta-SG,zh-SG',	1880251,	1880252,	'0'),
('SH',	'SHN',	'654',	'Острова Святой Елены, Вознесения и Тристан-да-Кунья',	'Saint Helena, Ascension and Tristan da Cunha',	'AF',	'sh',	'SHP',	410,	7460,	'290',	'en-SH',	3370751,	3370903,	'0'),
('SI',	'SVN',	'705',	'Словения',	'Slovenia',	'EU',	'si',	'EUR',	20273,	2007000,	'386',	'sl,sh',	3190538,	3196359,	'0'),
('SJ',	'SJM',	'744',	'Шпицберген и Ян-Майен',	'Svalbard and Jan Mayen',	'EU',	'sj',	'NOK',	62049,	2550,	'47',	'no,ru',	607072,	2729907,	'0'),
('SK',	'SVK',	'703',	'Словакия',	'Slovakia',	'EU',	'sk',	'EUR',	48845,	5455000,	'421',	'sk,hu',	3057568,	3060972,	'0'),
('SL',	'SLE',	'694',	'Сьерра-Леоне',	'Sierra Leone',	'AF',	'sl',	'SLL',	71740,	5245695,	'232',	'en-SL,men,tem',	2403846,	2409306,	'0'),
('SM',	'SMR',	'674',	'Сан-Марино',	'San Marino',	'EU',	'sm',	'EUR',	61,	31477,	'378',	'it-SM',	3168068,	3168070,	'0'),
('SN',	'SEN',	'686',	'Сенегал',	'Senegal',	'AF',	'sn',	'XOF',	196190,	12323252,	'221',	'fr-SN,wo,fuc,mnk',	2245662,	2253354,	'0'),
('SO',	'SOM',	'706',	'Сомали',	'Somalia',	'AF',	'so',	'SOS',	637657,	10112453,	'252',	'so-SO,ar-SO,it,en-SO',	51537,	53654,	'0'),
('SR',	'SUR',	'740',	'Суринам',	'Suriname',	'SA',	'sr',	'SRD',	163270,	492829,	'597',	'nl-SR,en,srn,hns,jv',	3382998,	3383330,	'0'),
('SS',	'SSD',	'728',	'Южный Судан',	'South Sudan',	'AF',	'',	'SSP',	644329,	8260490,	'211',	'en',	7909807,	373303,	'0'),
('ST',	'STP',	'678',	'Сан-Томе и Принсипи',	'Sao Tome and Principe',	'AF',	'st',	'STD',	1001,	175808,	'239',	'pt-ST',	2410758,	2410763,	'0'),
('SU',	'SUN',	'810',	'СССР',	'',	'',	'',	'',	0,	0,	'',	'',	0,	0,	'0'),
('SV',	'SLV',	'222',	'Сальвадор',	'El Salvador',	'NA',	'sv',	'USD',	21040,	6052064,	'503',	'es-SV',	3585968,	3583361,	'0'),
('SX',	'SXM',	'534',	'Синт-Мартен',	'Sint Maarten (Dutch part)',	'NA',	'sx',	'ANG',	0,	37429,	'599',	'nl,en',	7609695,	3513392,	'0'),
('SY',	'SYR',	'760',	'Сирия',	'Syrian Arab Republic',	'AS',	'sy',	'SYP',	185180,	22198110,	'963',	'ar-SY,ku,hy,arc,fr,en',	163843,	170654,	'0'),
('SZ',	'SWZ',	'748',	'Свазиленд',	'Swaziland',	'AF',	'sz',	'SZL',	17363,	1354051,	'268',	'en-SZ,ss-SZ',	934841,	934985,	'0'),
('TC',	'TCA',	'796',	'Тёркс и Кайкос',	'Turks and Caicos Islands',	'NA',	'tc',	'USD',	430,	20556,	'+1-649',	'en-TC',	3576916,	3576994,	'0'),
('TD',	'TCD',	'148',	'Чад',	'Chad',	'AF',	'td',	'XAF',	1284000,	10543464,	'235',	'fr-TD,ar-TD,sre',	2434508,	2427123,	'0'),
('TF',	'ATF',	'260',	'Французские Южные и Антарктические Территории',	'French Southern Territories',	'AN',	'tf',	'EUR',	7829,	140,	'',	'fr',	1546748,	1546102,	'0'),
('TG',	'TGO',	'768',	'Того',	'Togo',	'AF',	'tg',	'XOF',	56785,	6587239,	'228',	'fr-TG,ee,hna,kbp,dag,ha',	2363686,	2365267,	'0'),
('TH',	'THA',	'764',	'Таиланд',	'Thailand',	'AS',	'th',	'THB',	514000,	67089500,	'66',	'th,en',	1605651,	1609350,	'0'),
('TJ',	'TJK',	'762',	'Таджикистан',	'Tajikistan',	'AS',	'tj',	'TJS',	143100,	7487489,	'992',	'tg,ru',	1220409,	1221874,	'0'),
('TK',	'TKL',	'772',	'Токелау',	'Tokelau',	'OC',	'tk',	'NZD',	10,	1466,	'690',	'tkl,en-TK',	4031074,	0,	'0'),
('TL',	'TLS',	'626',	'Восточный Тимор',	'Timor-Leste',	'OC',	'tl',	'USD',	15007,	1154625,	'670',	'tet,pt-TL,id,en',	1966436,	1645457,	'0'),
('TM',	'TKM',	'795',	'Туркмения',	'Turkmenistan',	'AS',	'tm',	'TMT',	488100,	4940916,	'993',	'tk,ru,uz',	1218197,	162183,	'0'),
('TN',	'TUN',	'788',	'Тунис',	'Tunisia',	'AF',	'tn',	'TND',	163610,	10589025,	'216',	'ar-TN,fr',	2464461,	2464470,	'0'),
('TO',	'TON',	'776',	'Тонга',	'Tonga',	'OC',	'to',	'TOP',	748,	122580,	'676',	'to,en-TO',	4032283,	4032402,	'0'),
('TR',	'TUR',	'792',	'Турция',	'Turkey',	'AS',	'tr',	'TRY',	780580,	77804122,	'90',	'tr-TR,ku,diq,az,av',	298795,	323786,	'0'),
('TT',	'TTO',	'780',	'Тринидад и Тобаго',	'Trinidad and Tobago',	'NA',	'tt',	'TTD',	5128,	1228691,	'+1-868',	'en-TT,hns,fr,es,zh',	3573591,	3573890,	'0'),
('TV',	'TUV',	'798',	'Тувалу',	'Tuvalu',	'OC',	'tv',	'AUD',	26,	10472,	'688',	'tvl,en,sm,gil',	2110297,	2110394,	'0'),
('TW',	'TWN',	'158',	'Китайская Республика',	'Taiwan, Province of China',	'AS',	'tw',	'TWD',	35980,	22894384,	'886',	'zh-TW,zh,nan,hak',	1668284,	1668341,	'0'),
('TZ',	'TZA',	'834',	'Танзания',	'Tanzania, United Republic of',	'AF',	'tz',	'TZS',	945087,	41892895,	'255',	'sw-TZ,en,ar',	149590,	160196,	'0'),
('UA',	'UKR',	'804',	'Украина',	'Ukraine',	'EU',	'ua',	'UAH',	603700,	45415596,	'380',	'uk,ru-UA,rom,pl,hu',	690791,	703448,	'1'),
('UG',	'UGA',	'800',	'Уганда',	'Uganda',	'AF',	'ug',	'UGX',	236040,	33398682,	'256',	'en-UG,lg,sw,ar',	226074,	232422,	'0'),
('UM',	'UMI',	'581',	'Внешние малые острова (США)',	'United States Minor Outlying Islands',	'OC',	'um',	'USD',	0,	0,	'1',	'en-UM',	5854968,	0,	'0'),
('US',	'USA',	'840',	'США',	'United States',	'NA',	'us',	'USD',	9629091,	310232863,	'1',	'en-US,es-US,haw,fr',	6252001,	4140963,	'1'),
('UY',	'URY',	'858',	'Уругвай',	'Uruguay',	'SA',	'uy',	'UYU',	176220,	3477000,	'598',	'es-UY',	3439705,	3441575,	'0'),
('UZ',	'UZB',	'860',	'Узбекистан',	'Uzbekistan',	'AS',	'uz',	'UZS',	447400,	27865738,	'998',	'uz,ru,tg',	1512440,	1512569,	'0'),
('VA',	'VAT',	'336',	'Ватикан',	'Holy See (Vatican City State)',	'EU',	'va',	'EUR',	0,	921,	'379',	'la,it,fr',	3164670,	6691831,	'0'),
('VC',	'VCT',	'670',	'Сент-Винсент и Гренадины',	'Saint Vincent and the Grenadines',	'NA',	'vc',	'XCD',	389,	104217,	'+1-784',	'en-VC,fr',	3577815,	3577887,	'0'),
('VE',	'VEN',	'862',	'Венесуэла',	'Venezuela, Bolivarian Republic of',	'SA',	've',	'VEF',	912050,	27223228,	'58',	'es-VE',	3625428,	3646738,	'0'),
('VG',	'VGB',	'092',	'Британские Виргинские острова',	'Virgin Islands, British',	'NA',	'vg',	'USD',	153,	21730,	'+1-284',	'en-VG',	3577718,	3577430,	'0'),
('VI',	'VIR',	'850',	'Американские Виргинские острова',	'Virgin Islands, U.S.',	'NA',	'vi',	'USD',	352,	108708,	'+1-340',	'en-VI',	4796775,	4795467,	'0'),
('VN',	'VNM',	'704',	'Вьетнам',	'Viet Nam',	'AS',	'vn',	'VND',	329560,	89571130,	'84',	'vi,en,fr,zh,km',	1562822,	1581130,	'0'),
('VU',	'VUT',	'548',	'Вануату',	'Vanuatu',	'OC',	'vu',	'VUV',	12200,	221552,	'678',	'bi,en-VU,fr-VU',	2134431,	2135171,	'0'),
('WF',	'WLF',	'876',	'Уоллис и Футуна',	'Wallis and Futuna',	'OC',	'wf',	'XPF',	274,	16025,	'681',	'wls,fud,fr-WF',	4034749,	4034821,	'0'),
('WS',	'WSM',	'882',	'Самоа',	'Samoa',	'OC',	'ws',	'WST',	2944,	192001,	'685',	'sm,en-WS',	4034894,	4035413,	'0'),
('YE',	'YEM',	'887',	'Йемен',	'Yemen',	'AS',	'ye',	'YER',	527970,	23495361,	'967',	'ar-YE',	69543,	71137,	'0'),
('YT',	'MYT',	'175',	'Майотта',	'Mayotte',	'AF',	'yt',	'EUR',	374,	159042,	'262',	'fr-YT',	1024031,	921815,	'0'),
('ZA',	'ZAF',	'710',	'ЮАР',	'South Africa',	'AF',	'za',	'ZAR',	1219912,	49000000,	'27',	'zu,xh,af,nso,en-ZA,tn,st,ts,ss,ve,nr',	953987,	964137,	'0'),
('ZM',	'ZMB',	'894',	'Замбия',	'Zambia',	'AF',	'zm',	'ZMK',	752614,	13460305,	'260',	'en-ZM,bem,loz,lun,lue,ny,toi',	895949,	909137,	'0'),
('ZW',	'ZWE',	'716',	'Зимбабве',	'Zimbabwe',	'AF',	'zw',	'ZWL',	390580,	11651858,	'263',	'en-ZW,sn,nr,nd',	878675,	890299,	'0');

DROP TABLE IF EXISTS `y_geo_regions`;
CREATE TABLE `y_geo_regions` (
  `id` int(10) unsigned NOT NULL,
  `country` char(2) NOT NULL,
  `code` char(2) NOT NULL,
  `name` varchar(255) NOT NULL,
  `name_eng` varchar(255) NOT NULL,
  `capital_id` int(10) unsigned NOT NULL,
  `active` enum('0','1') NOT NULL DEFAULT '0',
  PRIMARY KEY (`id`),
  KEY `country` (`country`),
  KEY `code` (`code`)
) ENGINE=InnoDB DEFAULT CHARSET=utf8;

INSERT INTO `y_geo_regions` (`id`, `country`, `code`, `name`, `name_eng`, `capital_id`, `active`) VALUES
(686966,	'UA',	'27',	'Житомирская область',	'Zhytomyrs’ka Oblast’',	686967,	'1'),
(687699,	'UA',	'26',	'Запорожская область',	'Zaporiz’ka Oblast’',	687700,	'1'),
(687869,	'UA',	'25',	'Закарпатская область',	'Zakarpattia Oblast',	690548,	'1'),
(689064,	'UA',	'24',	'Волынская область',	'Volyns’ka Oblast’',	702569,	'1'),
(689559,	'UA',	'23',	'Винницкая область',	'Vinnyts’ka Oblast’',	689558,	'1'),
(691649,	'UA',	'22',	'Тернопольская область',	'Ternopil’s’ka Oblast’',	691650,	'1'),
(692196,	'UA',	'21',	'Сумская область',	'Sums’ka Oblast’',	692194,	'1'),
(694422,	'UA',	'20',	'Севастополь',	'Misto Sevastopol’',	694423,	'1'),
(695592,	'UA',	'19',	'Ровненская область',	'Rivnens’ka Oblast’',	695594,	'1'),
(696634,	'UA',	'18',	'Полтавская область',	'Poltavs’ka Oblast’',	696643,	'1'),
(698738,	'UA',	'17',	'Одесская область',	'Odes’ka Oblast’',	698740,	'1'),
(700567,	'UA',	'16',	'Николаевская область',	'Mykolayivs’ka Oblast’',	700569,	'1'),
(702549,	'UA',	'15',	'Львовская область',	'L’vivs’ka Oblast’',	702550,	'1'),
(702657,	'UA',	'14',	'Луганская область',	'Luhans’ka Oblast’',	702658,	'1'),
(703446,	'UA',	'13',	'Киевская область',	'Kyyivs’ka Oblast’',	0,	'1'),
(703447,	'UA',	'12',	'Киев',	'Misto Kyyiv',	0,	'1'),
(703883,	'UA',	'11',	'Автономная Республика Крым',	'Avtonomna Respublika Krym',	693805,	'1'),
(705811,	'UA',	'10',	'Кировоградская область',	'Kirovohrads’ka Oblast’',	705812,	'1'),
(706370,	'UA',	'09',	'Хмельницкая область',	'Khmel’nyts’ka Oblast’',	706369,	'1'),
(706442,	'UA',	'08',	'Херсонская область',	'Khersons’ka Oblast’',	706448,	'1'),
(706482,	'UA',	'07',	'Харьковская область',	'Kharkivs’ka Oblast’',	706483,	'1'),
(707470,	'UA',	'06',	'Ивано-Франковская область',	'Ivano-Frankivs’ka Oblast’',	707471,	'1'),
(709716,	'UA',	'05',	'Донецкая область',	'Donets’ka Oblast’',	709717,	'1'),
(709929,	'UA',	'04',	'Днепропетровская область',	'Dnipropetrovska Oblast\'',	709930,	'1'),
(710720,	'UA',	'03',	'Черновицкая область',	'Chernivets’ka Oblast’',	710719,	'1'),
(710734,	'UA',	'02',	'Черниговская область',	'Chernihivs’ka Oblast’',	710735,	'1'),
(710802,	'UA',	'01',	'Черкасская область',	'Cherkas’ka Oblast’',	710791,	'1');

DROP TABLE IF EXISTS `y_icons`;
CREATE TABLE `y_icons` (
  `id` int(6) NOT NULL AUTO_INCREMENT,
  `name` varchar(64) NOT NULL DEFAULT '',
  `active` enum('0','1') NOT NULL DEFAULT '0',
  PRIMARY KEY (`id`),
  UNIQUE KEY `name` (`name`)
) ENGINE=InnoDB DEFAULT CHARSET=utf8;


DROP TABLE IF EXISTS `y_languages`;
CREATE TABLE `y_languages` (
  `code` char(2) NOT NULL DEFAULT '',
  `code3` char(3) NOT NULL DEFAULT '',
  `name` varchar(64) NOT NULL DEFAULT '',
  `native` varchar(64) NOT NULL DEFAULT '',
  `country` char(2) NOT NULL DEFAULT '',
  `active` enum('0','1') NOT NULL DEFAULT '0',
  PRIMARY KEY (`code`)
) ENGINE=InnoDB DEFAULT CHARSET=utf8;

INSERT INTO `y_languages` (`code`, `code3`, `name`, `native`, `country`, `active`) VALUES
('aa',	'aar',	'Afar',	'Afaraf',	'',	'0'),
('ab',	'abk',	'Abkhaz',	'аҧсуа бызшәа, аҧсшәа',	'',	'0'),
('ae',	'ave',	'Avestan',	'avesta',	'',	'0'),
('af',	'afr',	'Afrikaans',	'Afrikaans',	'',	'0'),
('ak',	'aka',	'Akan',	'Akan',	'',	'0'),
('am',	'amh',	'Amharic',	'አማርኛ',	'',	'0'),
('an',	'arg',	'Aragonese',	'aragonés',	'',	'0'),
('ar',	'ara',	'Arabic',	'العربية',	'',	'0'),
('as',	'asm',	'Assamese',	'অসমীয়া',	'',	'0'),
('av',	'ava',	'Avaric',	'авар мацӀ, магӀарул мацӀ',	'',	'0'),
('ay',	'aym',	'Aymara',	'aymar aru',	'',	'0'),
('az',	'azb',	'South Azerbaijani',	'تورکجه‎',	'',	'0'),
('ba',	'bak',	'Bashkir',	'башҡорт теле',	'',	'0'),
('be',	'bel',	'Belarusian',	'беларуская мова',	'by',	'0'),
('bg',	'bul',	'Bulgarian',	'български език',	'bg',	'0'),
('bh',	'bih',	'Bihari',	'भोजपुरी',	'',	'0'),
('bi',	'bis',	'Bislama',	'Bislama',	'',	'0'),
('bm',	'bam',	'Bambara',	'bamanankan',	'',	'0'),
('bn',	'ben',	'Bengali; Bangla',	'বাংলা',	'',	'0'),
('bo',	'bod',	'Tibetan Standard, Tibetan, Central',	'བོད་ཡིག',	'',	'0'),
('br',	'bre',	'Breton',	'brezhoneg',	'',	'0'),
('bs',	'bos',	'Bosnian',	'bosanski jezik',	'',	'0'),
('ca',	'cat',	'Catalan; Valencian',	'català, valencià',	'',	'0'),
('ce',	'che',	'Chechen',	'нохчийн мотт',	'',	'0'),
('ch',	'cha',	'Chamorro',	'Chamoru',	'',	'0'),
('co',	'cos',	'Corsican',	'corsu, lingua corsa',	'',	'0'),
('cr',	'cre',	'Cree',	'ᓀᐦᐃᔭᐍᐏᐣ',	'',	'0'),
('cs',	'ces',	'Czech',	'čeština, český jazyk',	'',	'0'),
('cu',	'chu',	'Old Church Slavonic, Church Slavic, Church Slavonic, Old Bulgari',	'ѩзыкъ словѣньскъ',	'',	'0'),
('cv',	'chv',	'Chuvash',	'чӑваш чӗлхи',	'',	'0'),
('cy',	'cym',	'Welsh',	'Cymraeg',	'',	'0'),
('da',	'dan',	'Danish',	'dansk',	'dk',	'0'),
('de',	'deu',	'German',	'Deutsch',	'de',	'0'),
('dv',	'div',	'Divehi; Dhivehi; Maldivian;',	'ދިވެހި',	'',	'0'),
('dz',	'dzo',	'Dzongkha',	'རྫོང་ཁ',	'',	'0'),
('ee',	'ewe',	'Ewe',	'Eʋegbe',	'',	'0'),
('el',	'ell',	'Greek, Modern',	'ελληνικά',	'gr',	'0'),
('en',	'eng',	'English',	'English',	'us',	'1'),
('eo',	'epo',	'Esperanto',	'Esperanto',	'',	'0'),
('es',	'spa',	'Spanish; Castilian',	'español, castellano',	'es',	'0'),
('et',	'est',	'Estonian',	'eesti, eesti keel',	'ee',	'0'),
('eu',	'eus',	'Basque',	'euskara, euskera',	'',	'0'),
('fa',	'fas',	'Persian (Farsi)',	'فارسی',	'',	'0'),
('ff',	'ful',	'Fula; Fulah; Pulaar; Pular',	'Fulfulde, Pulaar, Pular',	'',	'0'),
('fi',	'fin',	'Finnish',	'suomi, suomen kieli',	'fi',	'0'),
('fj',	'fij',	'Fijian',	'vosa Vakaviti',	'',	'0'),
('fo',	'fao',	'Faroese',	'føroyskt',	'',	'0'),
('fr',	'fra',	'French',	'français, langue française',	'fr',	'0'),
('fy',	'fry',	'Western Frisian',	'Frysk',	'',	'0'),
('ga',	'gle',	'Irish',	'Gaeilge',	'',	'0'),
('gd',	'gla',	'Scottish Gaelic; Gaelic',	'Gàidhlig',	'',	'0'),
('gl',	'glg',	'Galician',	'galego',	'',	'0'),
('gn',	'grn',	'Guaraní',	'Avañe\'ẽ',	'',	'0'),
('gu',	'guj',	'Gujarati',	'ગુજરાતી',	'',	'0'),
('gv',	'glv',	'Manx',	'Gaelg, Gailck',	'',	'0'),
('ha',	'hau',	'Hausa',	'Hausa, هَوُسَ',	'',	'0'),
('he',	'heb',	'Hebrew (modern)',	'עברית',	'il',	'0'),
('hi',	'hin',	'Hindi',	'हिन्दी, हिंदी',	'in',	'0'),
('ho',	'hmo',	'Hiri Motu',	'Hiri Motu',	'',	'0'),
('hr',	'hrv',	'Croatian',	'hrvatski jezik',	'',	'0'),
('ht',	'hat',	'Haitian; Haitian Creole',	'Kreyòl ayisyen',	'',	'0'),
('hu',	'hun',	'Hungarian',	'magyar',	'hu',	'0'),
('hy',	'hye',	'Armenian',	'Հայերեն',	'',	'0'),
('hz',	'her',	'Herero',	'Otjiherero',	'',	'0'),
('ia',	'ina',	'Interlingua',	'Interlingua',	'',	'0'),
('id',	'ind',	'Indonesian',	'Bahasa Indonesia',	'',	'0'),
('ie',	'ile',	'Interlingue',	'Originally called Occidental; then Interlingue after WWII',	'',	'0'),
('ig',	'ibo',	'Igbo',	'Asụsụ Igbo',	'',	'0'),
('ii',	'iii',	'Nuosu',	'ꆈꌠ꒿ Nuosuhxop',	'',	'0'),
('ik',	'ipk',	'Inupiaq',	'Iñupiaq, Iñupiatun',	'',	'0'),
('io',	'ido',	'Ido',	'Ido',	'',	'0'),
('is',	'isl',	'Icelandic',	'Íslenska',	'',	'0'),
('it',	'ita',	'Italian',	'italiano',	'it',	'0'),
('iu',	'iku',	'Inuktitut',	'ᐃᓄᒃᑎᑐᑦ',	'',	'0'),
('ja',	'jpn',	'Japanese',	'日本語 (にほんご)',	'jp',	'0'),
('jv',	'jav',	'Javanese',	'basa Jawa',	'',	'0'),
('ka',	'kat',	'Georgian',	'ქართული',	'',	'0'),
('kg',	'kon',	'Kongo',	'KiKongo',	'',	'0'),
('ki',	'kik',	'Kikuyu, Gikuyu',	'Gĩkũyũ',	'',	'0'),
('kj',	'kua',	'Kwanyama, Kuanyama',	'Kuanyama',	'',	'0'),
('kk',	'kaz',	'Kazakh',	'қазақ тілі',	'kz',	'0'),
('kl',	'kal',	'Kalaallisut, Greenlandic',	'kalaallisut, kalaallit oqaasii',	'',	'0'),
('km',	'khm',	'Khmer',	'ខ្មែរ, ខេមរភាសា, ភាសាខ្មែរ',	'',	'0'),
('kn',	'kan',	'Kannada',	'ಕನ್ನಡ',	'',	'0'),
('ko',	'kor',	'Korean',	'한국어 (韓國語), 조선어 (朝鮮語)',	'kp',	'0'),
('kr',	'kau',	'Kanuri',	'Kanuri',	'',	'0'),
('ks',	'kas',	'Kashmiri',	'कश्मीरी, كشميري‎',	'',	'0'),
('ku',	'kur',	'Kurdish',	'Kurdî, كوردی‎',	'',	'0'),
('kv',	'kom',	'Komi',	'коми кыв',	'',	'0'),
('kw',	'cor',	'Cornish',	'Kernewek',	'',	'0'),
('ky',	'kir',	'Kyrgyz',	'Кыргызча, Кыргыз тили',	'',	'0'),
('la',	'lat',	'Latin',	'latine, lingua latina',	'',	'0'),
('lb',	'ltz',	'Luxembourgish, Letzeburgesch',	'Lëtzebuergesch',	'',	'0'),
('lg',	'lug',	'Ganda',	'Luganda',	'',	'0'),
('li',	'lim',	'Limburgish, Limburgan, Limburger',	'Limburgs',	'',	'0'),
('ln',	'lin',	'Lingala',	'Lingála',	'',	'0'),
('lo',	'lao',	'Lao',	'ພາສາລາວ',	'',	'0'),
('lt',	'lit',	'Lithuanian',	'lietuvių kalba',	'lt',	'0'),
('lu',	'lub',	'Luba-Katanga',	'Tshiluba',	'',	'0'),
('lv',	'lav',	'Latvian',	'latviešu valoda',	'lv',	'0'),
('mg',	'mlg',	'Malagasy',	'fiteny malagasy',	'',	'0'),
('mh',	'mah',	'Marshallese',	'Kajin M̧ajeļ',	'',	'0'),
('mi',	'mri',	'Māori',	'te reo Māori',	'',	'0'),
('mk',	'mkd',	'Macedonian',	'македонски јазик',	'',	'0'),
('ml',	'mal',	'Malayalam',	'മലയാളം',	'',	'0'),
('mn',	'mon',	'Mongolian',	'монгол',	'',	'0'),
('mr',	'mar',	'Marathi (Marāṭhī)',	'मराठी',	'',	'0'),
('ms',	'msa',	'Malay',	'bahasa Melayu, بهاس ملايو‎',	'',	'0'),
('mt',	'mlt',	'Maltese',	'Malti',	'',	'0'),
('my',	'mya',	'Burmese',	'ဗမာစာ',	'',	'0'),
('na',	'nau',	'Nauru',	'Ekakairũ Naoero',	'',	'0'),
('nb',	'nob',	'Norwegian Bokmål',	'Norsk bokmål',	'',	'0'),
('nd',	'nde',	'North Ndebele',	'isiNdebele',	'',	'0'),
('ne',	'nep',	'Nepali',	'नेपाली',	'',	'0'),
('ng',	'ndo',	'Ndonga',	'Owambo',	'',	'0'),
('nl',	'nld',	'Dutch',	'Nederlands, Vlaams',	'nl',	'0'),
('nn',	'nno',	'Norwegian Nynorsk',	'Norsk nynorsk',	'',	'0'),
('no',	'nor',	'Norwegian',	'Norsk',	'no',	'0'),
('nr',	'nbl',	'South Ndebele',	'isiNdebele',	'',	'0'),
('nv',	'nav',	'Navajo, Navaho',	'Diné bizaad, Dinékʼehǰí',	'',	'0'),
('ny',	'nya',	'Chichewa; Chewa; Nyanja',	'chiCheŵa, chinyanja',	'',	'0'),
('oc',	'oci',	'Occitan',	'occitan, lenga d\'òc',	'',	'0'),
('oj',	'oji',	'Ojibwe, Ojibwa',	'ᐊᓂᔑᓈᐯᒧᐎᓐ',	'',	'0'),
('om',	'orm',	'Oromo',	'Afaan Oromoo',	'',	'0'),
('or',	'ori',	'Oriya',	'ଓଡ଼ିଆ',	'',	'0'),
('os',	'oss',	'Ossetian, Ossetic',	'ирон æвзаг',	'',	'0'),
('pa',	'pan',	'Panjabi, Punjabi',	'ਪੰਜਾਬੀ, پنجابی‎',	'',	'0'),
('pi',	'pli',	'Pāli',	'पाऴि',	'',	'0'),
('pl',	'pol',	'Polish',	'język polski, polszczyzna',	'pl',	'0'),
('ps',	'pus',	'Pashto, Pushto',	'پښتو',	'',	'0'),
('pt',	'por',	'Portuguese',	'português',	'pt',	'0'),
('qu',	'que',	'Quechua',	'Runa Simi, Kichwa',	'',	'0'),
('rm',	'roh',	'Romansh',	'rumantsch grischun',	'',	'0'),
('rn',	'run',	'Kirundi',	'Ikirundi',	'',	'0'),
('ro',	'ron',	'Romanian, [])',	'limba română',	'ro',	'0'),
('ru',	'rus',	'Russian',	'русский язык',	'ru',	'1'),
('rw',	'kin',	'Kinyarwanda',	'Ikinyarwanda',	'',	'0'),
('sa',	'san',	'Sanskrit (Saṁskṛta)',	'संस्कृतम्',	'',	'0'),
('sc',	'srd',	'Sardinian',	'sardu',	'',	'0'),
('sd',	'snd',	'Sindhi',	'सिन्धी, سنڌي، سندھی‎',	'',	'0'),
('se',	'sme',	'Northern Sami',	'Davvisámegiella',	'',	'0'),
('sg',	'sag',	'Sango',	'yângâ tî sängö',	'',	'0'),
('si',	'sin',	'Sinhala, Sinhalese',	'සිංහල',	'',	'0'),
('sk',	'slk',	'Slovak',	'slovenčina, slovenský jazyk',	'sk',	'0'),
('sl',	'slv',	'Slovene',	'slovenski jezik, slovenščina',	'',	'0'),
('sm',	'smo',	'Samoan',	'gagana fa\'a Samoa',	'',	'0'),
('sn',	'sna',	'Shona',	'chiShona',	'',	'0'),
('so',	'som',	'Somali',	'Soomaaliga, af Soomaali',	'',	'0'),
('sq',	'sqi',	'Albanian',	'gjuha shqipe',	'',	'0'),
('sr',	'srp',	'Serbian',	'српски језик',	'',	'0'),
('ss',	'ssw',	'Swati',	'SiSwati',	'',	'0'),
('st',	'sot',	'Southern Sotho',	'Sesotho',	'',	'0'),
('su',	'sun',	'Sundanese',	'Basa Sunda',	'',	'0'),
('sv',	'swe',	'Swedish',	'Svenska',	'se',	'0'),
('sw',	'swa',	'Swahili',	'Kiswahili',	'',	'0'),
('ta',	'tam',	'Tamil',	'தமிழ்',	'',	'0'),
('te',	'tel',	'Telugu',	'తెలుగు',	'',	'0'),
('tg',	'tgk',	'Tajik',	'тоҷикӣ, toğikī, تاجیکی‎',	'',	'0'),
('th',	'tha',	'Thai',	'ไทย',	'',	'0'),
('ti',	'tir',	'Tigrinya',	'ትግርኛ',	'',	'0'),
('tk',	'tuk',	'Turkmen',	'Türkmen, Түркмен',	'',	'0'),
('tl',	'tgl',	'Tagalog',	'Wikang Tagalog, ᜏᜒᜃᜅ᜔ ᜆᜄᜎᜓᜄ᜔',	'',	'0'),
('tn',	'tsn',	'Tswana',	'Setswana',	'',	'0'),
('to',	'ton',	'Tonga (Tonga Islands)',	'faka Tonga',	'',	'0'),
('tr',	'tur',	'Turkish',	'Türkçe',	'',	'0'),
('ts',	'tso',	'Tsonga',	'Xitsonga',	'',	'0'),
('tt',	'tat',	'Tatar',	'татар теле, tatar tele',	'',	'0'),
('tw',	'twi',	'Twi',	'Twi',	'',	'0'),
('ty',	'tah',	'Tahitian',	'Reo Tahiti',	'',	'0'),
('ug',	'uig',	'Uyghur, Uighur',	'Uyƣurqə, ئۇيغۇرچە‎',	'',	'0'),
('uk',	'ukr',	'Ukrainian',	'українська мова',	'ua',	'1'),
('ur',	'urd',	'Urdu',	'اردو',	'',	'0'),
('uz',	'uzb',	'Uzbek',	'O‘zbek, Ўзбек, أۇزبېك‎',	'',	'0'),
('ve',	'ven',	'Venda',	'Tshivenḓa',	'',	'0'),
('vi',	'vie',	'Vietnamese',	'Tiếng Việt',	'vn',	'0'),
('vo',	'vol',	'Volapük',	'Volapük',	'',	'0'),
('wa',	'wln',	'Walloon',	'walon',	'',	'0'),
('wo',	'wol',	'Wolof',	'Wollof',	'',	'0'),
('xh',	'xho',	'Xhosa',	'isiXhosa',	'',	'0'),
('yi',	'yid',	'Yiddish',	'ייִדיש',	'',	'0'),
('yo',	'yor',	'Yoruba',	'Yorùbá',	'',	'0'),
('za',	'zha',	'Zhuang, Chuang',	'Saɯ cueŋƅ, Saw cuengh',	'',	'0'),
('zh',	'zho',	'Chinese',	'中文 (Zhōngwén), 汉语, 漢語',	'cn',	'0'),
('zu',	'zul',	'Zulu',	'isiZulu',	'',	'0');

DROP TABLE IF EXISTS `y_moods`;
CREATE TABLE `y_moods` (
  `id` smallint(5) unsigned NOT NULL AUTO_INCREMENT,
  `name` varchar(255) NOT NULL DEFAULT '',
  `active` enum('1','0') NOT NULL DEFAULT '1',
  `locale` char(7) NOT NULL DEFAULT 'en',
  PRIMARY KEY (`id`)
) ENGINE=InnoDB DEFAULT CHARSET=utf8;


DROP TABLE IF EXISTS `y_news`;
CREATE TABLE `y_news` (
  `id` int(10) unsigned NOT NULL AUTO_INCREMENT,
  `title` varchar(255) NOT NULL DEFAULT '',
  `head_text` text NOT NULL,
  `full_text` text NOT NULL,
  `meta_keywords` text NOT NULL,
  `meta_desc` text NOT NULL,
  `add_date` int(10) unsigned NOT NULL DEFAULT '0',
  `active` enum('1','0') NOT NULL DEFAULT '1',
  PRIMARY KEY (`id`)
) ENGINE=InnoDB DEFAULT CHARSET=utf8;


DROP TABLE IF EXISTS `y_pages`;
CREATE TABLE `y_pages` (
  `id` int(10) unsigned NOT NULL AUTO_INCREMENT,
  `locale` char(5) NOT NULL DEFAULT '',
  `name` varchar(255) NOT NULL DEFAULT '',
  `title` varchar(255) NOT NULL DEFAULT '',
  `heading` varchar(255) NOT NULL DEFAULT '',
  `text` longtext NOT NULL,
  `meta_keywords` text NOT NULL,
  `meta_desc` text NOT NULL,
  `date_created` datetime DEFAULT NULL,
  `date_modified` datetime DEFAULT NULL,
  `content_type` tinyint(2) unsigned NOT NULL DEFAULT '1',
  `active` enum('1','0') NOT NULL DEFAULT '1',
  PRIMARY KEY (`id`),
  UNIQUE KEY `locale` (`locale`,`name`)
) ENGINE=InnoDB DEFAULT CHARSET=utf8;

INSERT INTO `y_pages` (`id`, `locale`, `name`, `title`, `heading`, `text`, `meta_keywords`, `meta_desc`, `date_created`, `date_modified`, `content_type`, `active`) VALUES
(1,	'',	'docs_helpers',	'Helper Functions',	'',	'<p><span style=\"color: inherit; font-family: inherit; font-size: 24.5px; font-weight: bold; line-height: 42px;\">array_add</span><br></p><p>The&nbsp;<code>array_add</code>&nbsp;function adds a given key / value pair to the array if the given key doesn\'t already exist in the array.</p><pre><code>$array = array(\'foo\' =&gt; \'bar\');\r\n\r\n$array = array_add($array, \'key\', \'value\');</code></pre><h3>array_divide</h3><p>The&nbsp;<code>array_divide</code>&nbsp;function returns two arrays, one containing the keys, and the other containing the values of the original array.</p><pre><code>$array = array(\'foo\' =&gt; \'bar\');\r\n\r\nlist($keys, $values) = array_divide($array);</code></pre><h3>array_dot</h3><p>The&nbsp;<code>array_dot</code>&nbsp;function flattens a multi-dimensional array into a single level array that uses \"dot\" notation to indicate depth.</p><pre><code>$array = array(\'foo\' =&gt; array(\'bar\' =&gt; \'baz\'));\r\n\r\n$array = array_dot($array);\r\n\r\n// array(\'foo.bar\' =&gt; \'baz\');</code></pre><h3>array_except</h3><p>The&nbsp;<code>array_except</code>&nbsp;method removes the given key / value pairs from the array.</p><pre><code>$array = array_except($array, array(\'keys\', \'to\', \'remove\'));</code></pre><h3>array_fetch</h3><p>The&nbsp;<code>array_fetch</code>&nbsp;method returns a flattened array containing the selected nested element.</p><pre><code>$array = array(\r\n    array(\'developer\' =&gt; array(\'name\' =&gt; \'Taylor\')),\r\n    array(\'developer\' =&gt; array(\'name\' =&gt; \'Dayle\')),\r\n);\r\n\r\n$array = array_fetch($array, \'developer.name\');\r\n\r\n// array(\'Taylor\', \'Dayle\');</code></pre><h3>array_first</h3><p>The&nbsp;<code>array_first</code>&nbsp;method returns the first element of an array passing a given truth test.</p><pre><code>$array = array(100, 200, 300);\r\n\r\n$value = array_first($array, function($key, $value)\r\n{\r\n    return $value &gt;= 150;\r\n});</code></pre><p>A default value may also be passed as the third parameter:</p><pre><code>$value = array_first($array, $callback, $default);</code></pre><h3>array_last</h3><p>The&nbsp;<code>array_last</code>&nbsp;method returns the last element of an array passing a given truth test.</p><pre><code>$array = array(350, 400, 500, 300, 200, 100);\r\n\r\n$value = array_last($array, function($key, $value)\r\n{\r\n    return $value &gt; 350;\r\n});\r\n\r\n// 500</code></pre><p>A default value may also be passed as the third parameter:</p><pre><code>$value = array_last($array, $callback, $default);</code></pre><h3>array_flatten</h3><p>The&nbsp;<code>array_flatten</code>&nbsp;method will flatten a multi-dimensional array into a single level.</p><pre><code>$array = array(\'name\' =&gt; \'Joe\', \'languages\' =&gt; array(\'PHP\', \'Ruby\'));\r\n\r\n$array = array_flatten($array);\r\n\r\n// array(\'Joe\', \'PHP\', \'Ruby\');</code></pre><h3>array_forget</h3><p>The&nbsp;<code>array_forget</code>&nbsp;method will remove a given key / value pair from a deeply nested array using \"dot\" notation.</p><pre><code>$array = array(\'names\' =&gt; array(\'joe\' =&gt; array(\'programmer\')));\r\n\r\narray_forget($array, \'names.joe\');</code></pre><h3>array_get</h3><p>The&nbsp;<code>array_get</code>&nbsp;method will retrieve a given value from a deeply nested array using \"dot\" notation.</p><pre><code>$array = array(\'names\' =&gt; array(\'joe\' =&gt; array(\'programmer\')));\r\n\r\n$value = array_get($array, \'names.joe\');</code></pre><blockquote><p><strong>Note:</strong>&nbsp;Want something like&nbsp;<code>array_get</code>&nbsp;but for objects instead? Use&nbsp;<code>object_get</code>.</p></blockquote><h3>array_only</h3><p>The&nbsp;<code>array_only</code>&nbsp;method will return only the specified key / value pairs from the array.</p><pre><code>$array = array(\'name\' =&gt; \'Joe\', \'age\' =&gt; 27, \'votes\' =&gt; 1);\r\n\r\n$array = array_only($array, array(\'name\', \'votes\'));</code></pre><h3>array_pluck</h3><p>The&nbsp;<code>array_pluck</code>&nbsp;method will pluck a list of the given key / value pairs from the array.</p><pre><code>$array = array(array(\'name\' =&gt; \'Taylor\'), array(\'name\' =&gt; \'Dayle\'));\r\n\r\n$array = array_pluck($array, \'name\');\r\n\r\n// array(\'Taylor\', \'Dayle\');</code></pre><h3>array_pull</h3><p>The&nbsp;<code>array_pull</code>&nbsp;method will return a given key / value pair from the array, as well as remove it.</p><pre><code>$array = array(\'name\' =&gt; \'Taylor\', \'age\' =&gt; 27);\r\n\r\n$name = array_pull($array, \'name\');</code></pre><h3>array_set</h3><p>The&nbsp;<code>array_set</code>&nbsp;method will set a value within a deeply nested array using \"dot\" notation.</p><pre><code>$array = array(\'names\' =&gt; array(\'programmer\' =&gt; \'Joe\'));\r\n\r\narray_set($array, \'names.editor\', \'Taylor\');</code></pre><h3>array_sort</h3><p>The&nbsp;<code>array_sort</code>&nbsp;method sorts the array by the results of the given Closure.</p><pre><code>$array = array(\r\n    array(\'name\' =&gt; \'Jill\'),\r\n    array(\'name\' =&gt; \'Barry\'),\r\n);\r\n\r\n$array = array_values(array_sort($array, function($value)\r\n{\r\n    return $value[\'name\'];\r\n}));</code></pre><h3>array_where</h3><p>Filter the array using the given Closure.</p><pre><code>$array = array(100, \'200\', 300, \'400\', 500);\r\n\r\n$array = array_where($array, function($key, $value)\r\n{\r\n    return is_string($value);\r\n});\r\n\r\n// Array ( [1] =&gt; 200 [3] =&gt; 400 )</code></pre><h3>head</h3><p>Return the first element in the array. Useful for method chaining in PHP 5.3.x.</p><pre><code>$first = head($this-&gt;returnsArray(\'foo\'));</code></pre><h3>last</h3><p>Return the last element in the array. Useful for method chaining.</p><pre><code>$last = last($this-&gt;returnsArray(\'foo\'));</code></pre><p><strong>value</strong></p><p>If the given value is a&nbsp;<code>Closure</code>, return the value returned by the&nbsp;<code>Closure</code>. Otherwise, return the value.</p><pre><code>$value = value(function() { return \'bar\'; });</code></pre><h3>with</h3><p>Return the given object. Useful for method chaining constructors in PHP 5.3.x.</p><pre><code>$value = with(new Foo)-&gt;doWork();</code></pre>',	'',	'',	'2014-05-16 13:15:50',	'2014-05-16 14:24:30',	1,	'1');

DROP TABLE IF EXISTS `y_polls`;
CREATE TABLE `y_polls` (
  `id` int(10) unsigned NOT NULL AUTO_INCREMENT,
  `object_name` varchar(255) NOT NULL,
  `object_id` int(10) unsigned NOT NULL DEFAULT '0',
  `user_id` int(10) unsigned NOT NULL DEFAULT '0',
  `question` varchar(255) NOT NULL,
  `add_date` int(10) unsigned NOT NULL DEFAULT '0',
  `choices` text NOT NULL,
  `votes` smallint(5) unsigned NOT NULL DEFAULT '0',
  `multiple` enum('0','1') NOT NULL DEFAULT '0',
  `active` enum('1','0') NOT NULL DEFAULT '1',
  PRIMARY KEY (`id`),
  KEY `object_name` (`object_name`),
  KEY `object_id` (`object_id`)
) ENGINE=InnoDB DEFAULT CHARSET=utf8;


DROP TABLE IF EXISTS `y_regions`;
CREATE TABLE `y_regions` (
  `code` char(2) NOT NULL,
  `country` char(2) NOT NULL,
  `name` varchar(255) NOT NULL,
  `active` enum('1','0') NOT NULL DEFAULT '1',
  KEY `country` (`country`),
  KEY `code` (`code`)
) ENGINE=InnoDB DEFAULT CHARSET=utf8;


DROP TABLE IF EXISTS `y_search_engines`;
CREATE TABLE `y_search_engines` (
  `id` int(10) unsigned NOT NULL AUTO_INCREMENT,
  `name` varchar(255) NOT NULL DEFAULT '',
  `search_url` varchar(255) NOT NULL DEFAULT '',
  `q_s_word` varchar(255) NOT NULL DEFAULT '',
  `q_s_word2` varchar(255) NOT NULL DEFAULT '',
  `q_s_charset` varchar(255) NOT NULL DEFAULT '',
  `def_charset` varchar(255) NOT NULL DEFAULT '',
  `active` enum('1','0') NOT NULL DEFAULT '1',
  PRIMARY KEY (`id`)
) ENGINE=InnoDB DEFAULT CHARSET=utf8;


DROP TABLE IF EXISTS `y_shop_admin_to_supplier`;
CREATE TABLE `y_shop_admin_to_supplier` (
  `admin_id` int(11) NOT NULL,
  `supplier_id` int(11) NOT NULL,
  `main_cat_id` int(11) NOT NULL DEFAULT '0',
  PRIMARY KEY (`admin_id`,`supplier_id`)
) ENGINE=InnoDB DEFAULT CHARSET=utf8;


DROP TABLE IF EXISTS `y_shop_manufacturers`;
CREATE TABLE `y_shop_manufacturers` (
  `id` int(11) NOT NULL AUTO_INCREMENT,
  `cat_ids` varchar(255) NOT NULL,
  `name` varchar(64) CHARACTER SET utf8 COLLATE utf8_unicode_ci NOT NULL DEFAULT '',
  `url` varchar(255) CHARACTER SET utf8 COLLATE utf8_unicode_ci NOT NULL,
  `desc` varchar(255) CHARACTER SET utf8 COLLATE utf8_unicode_ci NOT NULL,
  `aliaces` varchar(255) CHARACTER SET utf8 COLLATE utf8_unicode_ci NOT NULL,
  `meta_keywords` text CHARACTER SET utf8 COLLATE utf8_unicode_ci NOT NULL,
  `meta_desc` text CHARACTER SET utf8 COLLATE utf8_unicode_ci NOT NULL,
  `image` int(10) unsigned NOT NULL,
  `sort_order` int(3) NOT NULL,
  `active` int(3) NOT NULL,
  PRIMARY KEY (`id`),
  UNIQUE KEY `name` (`name`),
  UNIQUE KEY `url` (`url`)
) ENGINE=InnoDB DEFAULT CHARSET=utf8;


DROP TABLE IF EXISTS `y_shop_products`;
CREATE TABLE `y_shop_products` (
  `id` int(10) unsigned NOT NULL AUTO_INCREMENT,
  `name` varchar(255) CHARACTER SET utf8 COLLATE utf8_unicode_ci NOT NULL DEFAULT '',
  `url` varchar(255) CHARACTER SET utf8 COLLATE utf8_unicode_ci NOT NULL DEFAULT '',
  `image` tinyint(1) NOT NULL DEFAULT '0',
  `description` text CHARACTER SET utf8 COLLATE utf8_unicode_ci NOT NULL,
  `features` text CHARACTER SET utf8 COLLATE utf8_unicode_ci NOT NULL,
  `meta_keywords` text CHARACTER SET utf8 COLLATE utf8_unicode_ci NOT NULL,
  `meta_desc` text CHARACTER SET utf8 COLLATE utf8_unicode_ci NOT NULL,
  `external_url` varchar(255) CHARACTER SET utf8 COLLATE utf8_unicode_ci NOT NULL DEFAULT '',
  `cat_id` int(11) NOT NULL,
  `model` varchar(64) CHARACTER SET utf8 COLLATE utf8_unicode_ci NOT NULL,
  `sku` varchar(64) CHARACTER SET utf8 COLLATE utf8_unicode_ci NOT NULL,
  `quantity` int(10) NOT NULL DEFAULT '100',
  `stock_status_id` int(10) NOT NULL DEFAULT '0',
  `manufacturer_id` int(10) NOT NULL DEFAULT '0',
  `supplier_id` int(10) NOT NULL DEFAULT '0',
  `price` decimal(8,2) NOT NULL DEFAULT '0.00',
  `price_promo` decimal(8,2) NOT NULL DEFAULT '0.00',
  `price_partner` decimal(8,2) NOT NULL DEFAULT '0.00',
  `price_raw` decimal(8,2) NOT NULL DEFAULT '0.00',
  `old_price` decimal(8,2) NOT NULL DEFAULT '0.00',
  `currency` tinyint(3) unsigned NOT NULL DEFAULT '0',
  `add_date` int(10) unsigned NOT NULL DEFAULT '0',
  `update_date` int(10) unsigned NOT NULL DEFAULT '0',
  `last_viewed_date` int(10) NOT NULL DEFAULT '0',
  `featured` tinyint(1) NOT NULL DEFAULT '0',
  `active` tinyint(1) NOT NULL DEFAULT '0',
  `viewed` int(10) NOT NULL DEFAULT '0',
  `sold` int(10) NOT NULL DEFAULT '0',
  `status` int(10) NOT NULL DEFAULT '0',
  `articul` varchar(32) NOT NULL DEFAULT '',
  `origin_url` varchar(255) NOT NULL,
  `source` varchar(255) NOT NULL,
  PRIMARY KEY (`id`),
  KEY `cat_id` (`cat_id`),
  KEY `active` (`active`),
  KEY `viewed` (`viewed`),
  KEY `sold` (`sold`),
  KEY `active_cat_id` (`active`,`cat_id`),
  KEY `add_date` (`add_date`),
  KEY `update_date` (`update_date`),
  KEY `manufacturer_id` (`manufacturer_id`),
  KEY `supplier_id` (`supplier_id`)
) ENGINE=InnoDB DEFAULT CHARSET=utf8;


DROP TABLE IF EXISTS `y_shop_product_units`;
CREATE TABLE `y_shop_product_units` (
  `id` int(10) unsigned NOT NULL AUTO_INCREMENT,
  `title` varchar(32) NOT NULL,
  `description` varchar(255) NOT NULL,
  `step` varchar(255) NOT NULL DEFAULT '1',
  `k` decimal(8,3) unsigned NOT NULL DEFAULT '1.000',
  PRIMARY KEY (`id`)
) ENGINE=InnoDB DEFAULT CHARSET=utf8;


DROP TABLE IF EXISTS `y_shop_suppliers`;
CREATE TABLE `y_shop_suppliers` (
  `id` int(11) NOT NULL AUTO_INCREMENT,
  `name` varchar(64) NOT NULL DEFAULT '',
  `url` varchar(255) NOT NULL,
  `desc` varchar(255) NOT NULL,
  `meta_keywords` text NOT NULL,
  `meta_desc` text NOT NULL,
  `image` int(10) unsigned NOT NULL,
  `sort_order` int(3) NOT NULL,
  `admin_id` int(3) NOT NULL,
  PRIMARY KEY (`id`)
) ENGINE=InnoDB DEFAULT CHARSET=utf8;


DROP TABLE IF EXISTS `y_static_pages`;
CREATE TABLE `y_static_pages` (
  `id` int(10) unsigned NOT NULL AUTO_INCREMENT,
  `cat_id` int(10) unsigned NOT NULL DEFAULT '0',
  `name` varchar(255) NOT NULL DEFAULT '',
  `text` text NOT NULL,
  `page_title` varchar(255) NOT NULL DEFAULT '',
  `page_heading` varchar(255) NOT NULL DEFAULT '',
  `meta_keywords` text NOT NULL,
  `meta_desc` text NOT NULL,
  `locale` char(6) NOT NULL DEFAULT '',
  `active` enum('1','0') NOT NULL DEFAULT '1',
  PRIMARY KEY (`id`)
) ENGINE=InnoDB DEFAULT CHARSET=utf8;


DROP TABLE IF EXISTS `y_sys_admin`;
CREATE TABLE `y_sys_admin` (
  `id` int(10) unsigned NOT NULL AUTO_INCREMENT,
  `first_name` varchar(64) NOT NULL DEFAULT '',
  `last_name` varchar(64) NOT NULL DEFAULT '',
  `login` varchar(64) NOT NULL DEFAULT '',
  `password` varchar(64) NOT NULL DEFAULT '',
  `group` int(10) unsigned NOT NULL DEFAULT '0',
  `active` enum('0','1') NOT NULL DEFAULT '0',
  `add_date` int(10) unsigned NOT NULL DEFAULT '0',
  `last_login` int(10) unsigned NOT NULL DEFAULT '0',
  `num_logins` smallint(6) unsigned NOT NULL DEFAULT '0',
  `go_after_login` varchar(255) NOT NULL DEFAULT '',
  `email` varchar(255) NOT NULL,
  PRIMARY KEY (`id`),
  UNIQUE KEY `login` (`login`)
) ENGINE=InnoDB DEFAULT CHARSET=utf8;

INSERT INTO `y_sys_admin` (`id`, `first_name`, `last_name`, `login`, `password`, `group`, `active`, `add_date`, `last_login`, `num_logins`, `go_after_login`, `email`) VALUES
(1,	'yfix',	'',	'yfix',	'7f5f879ac9db328c91ebe87798399d5e',	1,	'1',	1396430763,	1423560352,	61,	'',	'');

DROP TABLE IF EXISTS `y_sys_admin_groups`;
CREATE TABLE `y_sys_admin_groups` (
  `id` tinyint(3) unsigned NOT NULL AUTO_INCREMENT,
  `name` varchar(255) NOT NULL DEFAULT '',
  `active` enum('1','0') NOT NULL DEFAULT '1',
  `go_after_login` varchar(255) NOT NULL DEFAULT '',
  PRIMARY KEY (`id`)
) ENGINE=InnoDB DEFAULT CHARSET=utf8;

INSERT INTO `y_sys_admin_groups` (`id`, `name`, `active`, `go_after_login`) VALUES
(1,	'Administrator',	'1',	'./?object=manage_shop'),
(2,	'Suppliers',	'1',	'./?object=manage_shop&action=products'),
(3,	'Content-manager',	'1',	'./?object=manage_shop&action=products'),
(4,	'Orders-operator',	'1',	'./?object=manage_shop&action=orders');

DROP TABLE IF EXISTS `y_sys_admin_modules`;
CREATE TABLE `y_sys_admin_modules` (
  `id` tinyint(3) unsigned NOT NULL AUTO_INCREMENT,
  `name` varchar(255) NOT NULL DEFAULT '',
  `description` varchar(255) NOT NULL,
  `version` varchar(16) NOT NULL,
  `author` varchar(255) NOT NULL,
  `active` enum('0','1') NOT NULL,
  PRIMARY KEY (`id`)
) ENGINE=InnoDB DEFAULT CHARSET=utf8;

INSERT INTO `y_sys_admin_modules` (`id`, `name`, `description`, `version`, `author`, `active`) VALUES
(2,	'admin',	'',	'',	'',	'1'),
(3,	'admin_groups',	'',	'',	'',	'1'),
(4,	'admin_home',	'',	'',	'',	'1'),
(5,	'admin_messages',	'',	'',	'',	'1'),
(6,	'admin_modules',	'',	'',	'',	'1'),
(7,	'backup_manager',	'',	'',	'',	'1'),
(8,	'blocks',	'',	'',	'',	'1'),
(9,	'category_editor',	'',	'',	'',	'1'),
(10,	'check_multi_accounts',	'',	'',	'',	'1'),
(11,	'conf_editor',	'',	'',	'',	'1'),
(13,	'custom_bbcode_editor',	'',	'',	'',	'1'),
(14,	'custom_replace',	'',	'',	'',	'1'),
(15,	'db_manager',	'',	'',	'',	'1'),
(19,	'file_manager',	'',	'',	'',	'1'),
(23,	'locale_editor',	'',	'',	'',	'1'),
(26,	'log_core_errors_viewer',	'',	'',	'',	'0'),
(28,	'log_exec_analyser',	'',	'',	'',	'0'),
(30,	'log_user_errors_viewer',	'',	'',	'',	'0'),
(38,	'members',	'',	'',	'',	'1'),
(39,	'menus_editor',	'',	'',	'',	'1'),
(40,	'online_users_manager',	'',	'',	'',	'1'),
(44,	'revisions_manager',	'',	'',	'',	'1'),
(46,	'settings',	'',	'',	'',	'1'),
(48,	'site_nav_bar',	'',	'',	'',	'1'),
(49,	'static_pages',	'',	'',	'',	'1'),
(51,	'template_editor',	'',	'',	'',	'1'),
(52,	'user_dynamic_info',	'',	'',	'',	'1'),
(53,	'user_groups',	'',	'',	'',	'1'),
(55,	'user_modules',	'',	'',	'',	'1'),
(58,	'analyze_admin_exec_log',	'',	'',	'',	'0'),
(59,	'analyze_engine_log',	'',	'',	'',	'0'),
(60,	'analyze_error_log',	'',	'',	'',	'0'),
(61,	'ban_editor',	'',	'',	'',	'0'),
(65,	'log_admin_exec',	'',	'',	'',	'0'),
(67,	'log_ssh_viewer',	'',	'',	'',	'0'),
(68,	'log_webshell_actions_viewer',	'',	'',	'',	'0'),
(69,	'manage_auto_ban',	'',	'',	'',	'0'),
(70,	'manage_dynamic_attributes',	'',	'',	'',	'0'),
(72,	'manage_shop',	'',	'',	'',	'1'),
(73,	'manage_sphinx',	'',	'',	'',	'0'),
(76,	'manage_conf',	'',	'',	'',	'1'),
(77,	'manage_servers',	'',	'',	'',	'0'),
(78,	'manage_sites',	'',	'',	'',	'0'),
(79,	'manage_advertising',	'',	'',	'',	'0'),
(80,	'manage_dashboards',	'',	'',	'',	'1'),
(81,	'manage_tips',	'',	'',	'',	'1'),
(82,	'admin_wall',	'',	'',	'',	'1'),
(83,	'manage_widgets',	'',	'',	'',	'0'),
(84,	'shop_supplier_panel',	'',	'',	'',	'1'),
(85,	'admin_account',	'',	'',	'',	'1'),
(86,	'manage_users',	'',	'',	'',	'0'),
(87,	'manage_countries',	'',	'',	'',	'0'),
(88,	'manage_currencies',	'',	'',	'',	'0'),
(89,	'manage_icons',	'',	'',	'',	'0'),
(90,	'manage_languages',	'',	'',	'',	'0'),
(91,	'manage_regions',	'',	'',	'',	'0'),
(92,	'manage_timezones',	'',	'',	'',	'0'),
(93,	'shop_contentm_panel',	'',	'',	'',	'1'),
(94,	'manage_cities',	'',	'',	'',	'0'),
(95,	'activity_viewer',	'',	'',	'',	'0'),
(96,	'dev',	'',	'',	'',	'0'),
(97,	'help_tickets',	'',	'',	'',	'0'),
(98,	'manage_articles',	'',	'',	'',	'0'),
(99,	'manage_blogs',	'',	'',	'',	'0'),
(100,	'manage_comments',	'',	'',	'',	'1'),
(101,	'manage_faq',	'',	'',	'',	'0'),
(102,	'manage_forum',	'',	'',	'',	'0'),
(103,	'manage_news',	'',	'',	'',	'1'),
(104,	'manage_reput',	'',	'',	'',	'0'),
(105,	'polls_manager',	'',	'',	'',	'0'),
(106,	'se_keywords_manager',	'',	'',	'',	'0'),
(107,	'merge_products',	'',	'',	'',	'1'),
(108,	'parse_ambar_site',	'',	'',	'',	'1'),
(109,	'parse_eda_lg_site',	'',	'',	'',	'1'),
(110,	'parse_vseprodam_site',	'',	'',	'',	'1'),
(111,	'parse_zakaz_site',	'',	'',	'',	'1'),
(112,	'paywill',	'',	'',	'',	'1'),
(113,	'log_admin_auth',	'',	'',	'',	'0'),
(114,	'log_admin_auth_fails',	'',	'',	'',	'0'),
(115,	'log_user_auth',	'',	'',	'',	'0'),
(116,	'log_user_auth_fails',	'',	'',	'',	'0'),
(117,	'manage_shop_promo',	'',	'',	'',	'1');

DROP TABLE IF EXISTS `y_sys_banned_ips`;
CREATE TABLE `y_sys_banned_ips` (
  `ip` varchar(20) NOT NULL DEFAULT '',
  `admin_id` int(10) NOT NULL DEFAULT '0',
  `time` int(10) NOT NULL DEFAULT '0',
  `ban_type` varchar(16) NOT NULL DEFAULT '',
  PRIMARY KEY (`ip`)
) ENGINE=InnoDB DEFAULT CHARSET=utf8;


DROP TABLE IF EXISTS `y_sys_blocks`;
CREATE TABLE `y_sys_blocks` (
  `id` int(10) unsigned NOT NULL AUTO_INCREMENT,
  `name` varchar(64) NOT NULL DEFAULT '',
  `desc` varchar(255) NOT NULL DEFAULT '',
  `stpl_name` varchar(255) NOT NULL,
  `method_name` varchar(255) NOT NULL,
  `type` enum('user','admin') NOT NULL,
  `active` enum('1','0') NOT NULL DEFAULT '1',
  PRIMARY KEY (`id`)
) ENGINE=InnoDB DEFAULT CHARSET=utf8;

INSERT INTO `y_sys_blocks` (`id`, `name`, `desc`, `stpl_name`, `method_name`, `type`, `active`) VALUES
(1,	'center_area',	'',	'',	'main.tasks',	'user',	'1'),
(2,	'left_area',	'',	'',	'',	'user',	'1'),
(3,	'right_area',	'',	'',	'',	'user',	'1'),
(4,	'center_area',	'',	'',	'main.tasks',	'admin',	'1'),
(6,	'left_area',	'',	'',	'',	'admin',	'1'),
(7,	'basket_micro',	'',	'',	'shop._basket_micro',	'user',	'1'),
(8,	'head_nav',	'',	'',	'shop._block_nav_head',	'user',	'1'),
(9,	'products_latest',	'',	'',	'shop._block_products_latest',	'user',	'1'),
(10,	'products_latest_sold',	'',	'',	'shop._block_products_latest_sold',	'user',	'1'),
(12,	'products_popular',	'',	'',	'shop._block_products_popular',	'user',	'1'),
(13,	'products_closeout',	'',	'',	'shop._block_products_closeout',	'user',	'1'),
(14,	'products_also_purchased',	'',	'',	'shop._block_products_also_purchased',	'user',	'1'),
(15,	'product_sets_top',	'',	'',	'shop._block_product_sets_top',	'user',	'1'),
(16,	'product_sets_left',	'',	'',	'shop._block_product_sets_left',	'user',	'1'),
(20,	'product_sets_center',	'',	'',	'shop._block_product_sets_center',	'user',	'1'),
(21,	'product_sets_top_clone',	'',	'',	'shop._block_product_sets_top',	'user',	'0'),
(22,	'products_viewed',	'',	'',	'shop._block_products_viewed',	'user',	'1');

DROP TABLE IF EXISTS `y_sys_block_rules`;
CREATE TABLE `y_sys_block_rules` (
  `id` int(10) unsigned NOT NULL AUTO_INCREMENT,
  `block_id` smallint(5) unsigned NOT NULL DEFAULT '0',
  `rule_type` enum('DENY','ALLOW') NOT NULL DEFAULT 'DENY',
  `user_groups` varchar(255) NOT NULL DEFAULT '',
  `methods` text NOT NULL,
  `themes` text NOT NULL,
  `locales` text NOT NULL,
  `others` text NOT NULL,
  `active` enum('1','0') NOT NULL DEFAULT '1',
  `order` int(10) unsigned NOT NULL DEFAULT '0',
  `site_ids` varchar(1000) NOT NULL,
  `server_ids` varchar(1000) NOT NULL,
  `server_roles` varchar(1000) NOT NULL,
  PRIMARY KEY (`id`)
) ENGINE=InnoDB DEFAULT CHARSET=utf8;

INSERT INTO `y_sys_block_rules` (`id`, `block_id`, `rule_type`, `user_groups`, `methods`, `themes`, `locales`, `others`, `active`, `order`, `site_ids`, `server_ids`, `server_roles`) VALUES
(1,	1,	'ALLOW',	'',	'',	'',	'',	'',	'1',	1,	'',	'',	''),
(2,	4,	'ALLOW',	'1',	'',	'',	'',	'',	'1',	1,	'',	'',	''),
(3,	2,	'ALLOW',	'',	'',	'',	'',	'',	'1',	0,	'',	'',	''),
(4,	3,	'ALLOW',	'',	'blog.show_posts,blog.show_single_post,gallery.show_gallery,gallery.show_medium_size,gallery.view_folder,user_profile.show',	'',	'',	'',	'1',	1,	'',	'',	''),
(5,	3,	'DENY',	'',	'blog.show,blog.show_all_blogs,blog.add_post,blog.edit_post,gallery.show,gallery.add_photo,gallery.edit_photo',	'',	'',	'',	'1',	2,	'',	'',	''),
(6,	6,	'ALLOW',	',4,',	'',	'',	'',	'',	'1',	4,	'',	'',	''),
(7,	7,	'ALLOW',	'',	'',	'',	'',	'',	'1',	0,	'',	'',	''),
(8,	8,	'ALLOW',	'',	'',	'',	'',	'',	'1',	0,	'',	'',	''),
(9,	9,	'ALLOW',	'',	'',	'',	'',	'',	'1',	0,	'',	'',	''),
(10,	10,	'ALLOW',	'',	'',	'',	'',	'',	'1',	0,	'',	'',	''),
(13,	4,	'ALLOW',	',2,',	',admin_account,\nadmin_home,\nadmin_wall,\nmanage_shop.filter_save,\nmanage_shop.orders,\nmanage_shop.orders_manage,\nmanage_shop.product_activate,\nmanage_shop.product_add,\nmanage_shop.product_delete,\nmanage_shop.product_edit,\nmanage_shop.product_image_delete,\nmanage_shop.product_image_search,\nmanage_shop.product_image_upload,\nmanage_shop.products,\nmanage_shop.show_orders,\nmanage_shop.view_order,\nshop_supplier_panel,',	'',	'',	'',	'1',	2,	'',	'',	''),
(14,	12,	'ALLOW',	'',	'',	'',	'',	'',	'1',	0,	'',	'',	''),
(15,	13,	'ALLOW',	'',	'',	'',	'',	'',	'1',	0,	'',	'',	''),
(16,	14,	'ALLOW',	'',	'',	'',	'',	'',	'1',	0,	'',	'',	''),
(18,	6,	'ALLOW',	',2,',	'',	'',	'',	'',	'1',	3,	'',	'',	''),
(19,	15,	'ALLOW',	'',	'',	'',	'',	'',	'1',	0,	'',	'',	''),
(23,	20,	'ALLOW',	'',	'',	'',	'',	'',	'1',	0,	'',	'',	''),
(24,	16,	'ALLOW',	'',	'',	'',	'',	'',	'1',	0,	'',	'',	''),
(25,	21,	'ALLOW',	'',	'',	'',	'',	'',	'1',	0,	'',	'',	''),
(27,	6,	'ALLOW',	',1,',	'',	'',	'',	'',	'1',	0,	'',	'',	''),
(28,	4,	'ALLOW',	',4,',	'admin_account,\nadmin_home,\nadmin_wall,\nmanage_shop.filter_save,\nmanage_shop.orders,\nmanage_shop.orders_manage,\nmanage_shop.product_edit,\nmanage_shop.product_add,\nmanage_shop.products,\nmanage_shop.send_sms,\nmanage_shop.show_orders,\nmanage_shop.view_order,\npaywill,',	'',	'',	'',	'1',	5,	'',	'',	''),
(34,	4,	'ALLOW',	',3,',	'admin_account,\nadmin_home,\nadmin_wall,\nmanage_shop.attribute_activate,\nmanage_shop.attribute_add,\nmanage_shop.attribute_delete,\nmanage_shop.attribute_edit,\nmanage_shop.attributes,\nmanage_shop.filter_save,\nmanage_shop.product_activate,\nmanage_shop.product_add,\nmanage_shop.product_clone,\nmanage_shop.product_delete,\nmanage_shop.product_edit,\nmanage_shop.product_image_search,\nmanage_shop.product_image_upload,\nmanage_shop.product_image_delete,\nmanage_shop.products,\nmanage_shop.set_main_image,\n',	'',	'',	'',	'1',	3,	'',	'',	''),
(35,	6,	'ALLOW',	',3,',	'',	'',	'',	'',	'1',	3,	'',	'',	''),
(36,	22,	'ALLOW',	'',	'',	'',	'',	'',	'1',	0,	'',	'',	'');

DROP TABLE IF EXISTS `y_sys_cache`;
CREATE TABLE `y_sys_cache` (
  `key` varchar(64) NOT NULL DEFAULT '',
  `value` text NOT NULL,
  `time` int(10) unsigned NOT NULL DEFAULT '0',
  PRIMARY KEY (`key`)
) ENGINE=InnoDB DEFAULT CHARSET=utf8;


DROP TABLE IF EXISTS `y_sys_cache_info`;
CREATE TABLE `y_sys_cache_info` (
  `id` int(10) unsigned NOT NULL AUTO_INCREMENT,
  `object` varchar(32) NOT NULL DEFAULT '',
  `action` varchar(32) NOT NULL DEFAULT '',
  `query_string` varchar(128) NOT NULL DEFAULT '',
  `site_id` tinyint(3) unsigned NOT NULL DEFAULT '0',
  `group_id` tinyint(3) unsigned NOT NULL DEFAULT '1',
  `hash` varchar(32) NOT NULL DEFAULT '',
  PRIMARY KEY (`id`),
  UNIQUE KEY `object` (`object`,`action`,`query_string`,`site_id`)
) ENGINE=InnoDB DEFAULT CHARSET=utf8;


DROP TABLE IF EXISTS `y_sys_categories`;
CREATE TABLE `y_sys_categories` (
  `id` int(10) unsigned NOT NULL AUTO_INCREMENT,
  `name` varchar(64) NOT NULL,
  `desc` varchar(255) NOT NULL,
  `type` enum('user','admin') NOT NULL,
  `active` enum('1','0') NOT NULL,
  `stpl_name` varchar(255) NOT NULL,
  `method_name` varchar(255) NOT NULL,
  `custom_fields` text NOT NULL,
  PRIMARY KEY (`id`)
) ENGINE=InnoDB DEFAULT CHARSET=utf8;

INSERT INTO `y_sys_categories` (`id`, `name`, `desc`, `type`, `active`, `stpl_name`, `method_name`, `custom_fields`) VALUES
(1,	'articles_cats',	'Categories block for the srticles module',	'user',	'1',	'',	'',	''),
(2,	'blog_cats',	'Categories block for the blogs',	'user',	'1',	'',	'',	''),
(3,	'help_cats',	'Categories for the helpdesk section',	'user',	'1',	'',	'',	''),
(4,	'shop_cats',	'Categories for the shop',	'user',	'1',	'',	'',	'');

DROP TABLE IF EXISTS `y_sys_category_items`;
CREATE TABLE `y_sys_category_items` (
  `id` int(10) unsigned NOT NULL AUTO_INCREMENT,
  `cat_id` int(10) unsigned NOT NULL,
  `parent_id` int(10) unsigned NOT NULL,
  `name` varchar(255) NOT NULL,
  `desc` text NOT NULL,
  `meta_keywords` text CHARACTER SET utf8 COLLATE utf8_unicode_ci NOT NULL,
  `meta_desc` text CHARACTER SET utf8 COLLATE utf8_unicode_ci NOT NULL,
  `url` varchar(255) NOT NULL,
  `type_id` int(10) unsigned NOT NULL,
  `order` int(10) unsigned NOT NULL,
  `active` enum('1','0') NOT NULL,
  `restricted` tinyint(1) unsigned NOT NULL DEFAULT '0',
  `user_groups` varchar(255) NOT NULL,
  `other_info` text NOT NULL,
  `icon` varchar(255) NOT NULL,
  `image` enum('1','0') NOT NULL DEFAULT '0',
  `featured` tinyint(3) unsigned NOT NULL,
  `hide` tinyint(3) unsigned NOT NULL DEFAULT '0',
  `filter` tinyint(3) unsigned NOT NULL DEFAULT '0',
  `origin_url` varchar(255) NOT NULL,
  `force_wo_image` tinyint(3) unsigned NOT NULL DEFAULT '0',
  PRIMARY KEY (`id`)
) ENGINE=InnoDB DEFAULT CHARSET=utf8;

INSERT INTO `y_sys_category_items` (`id`, `cat_id`, `parent_id`, `name`, `desc`, `meta_keywords`, `meta_desc`, `url`, `type_id`, `order`, `active`, `restricted`, `user_groups`, `other_info`, `icon`, `image`, `featured`, `hide`, `filter`, `origin_url`, `force_wo_image`) VALUES
(1,	2,	0,	'None',	'',	'',	'',	'',	0,	1,	'1',	0,	'',	'',	'',	'0',	0,	0,	0,	'',	0),
(2,	2,	0,	'Art and Photography',	'',	'',	'',	'',	0,	2,	'1',	0,	'',	'',	'',	'0',	0,	0,	0,	'',	0),
(3,	2,	0,	'Automotive',	'',	'',	'',	'',	0,	3,	'1',	0,	'',	'',	'',	'0',	0,	0,	0,	'',	0),
(4,	2,	0,	'Blogging',	'',	'',	'',	'',	0,	4,	'1',	0,	'',	'',	'',	'0',	0,	0,	0,	'',	0),
(5,	2,	0,	'Dreams and the Supernatural',	'',	'',	'',	'',	0,	5,	'1',	0,	'',	'',	'',	'0',	0,	0,	0,	'',	0),
(6,	2,	0,	'Fashion, Style, Shopping',	'',	'',	'',	'',	0,	6,	'1',	0,	'',	'',	'',	'0',	0,	0,	0,	'',	0),
(7,	2,	0,	'Food and Restaurants',	'',	'',	'',	'',	0,	7,	'1',	0,	'',	'',	'',	'0',	0,	0,	0,	'',	0),
(8,	2,	0,	'Friends',	'',	'',	'',	'',	0,	8,	'1',	0,	'',	'',	'',	'0',	0,	0,	0,	'',	0),
(9,	2,	0,	'Games',	'',	'',	'',	'',	0,	9,	'1',	0,	'',	'',	'',	'0',	0,	0,	0,	'',	0),
(10,	2,	0,	'Goals, Plans, Hopes',	'',	'',	'',	'',	0,	10,	'1',	0,	'',	'',	'',	'0',	0,	0,	0,	'',	0),
(11,	2,	0,	'Jobs, Work, Careers',	'',	'',	'',	'',	0,	11,	'1',	0,	'',	'',	'',	'0',	0,	0,	0,	'',	0),
(12,	2,	0,	'Life',	'',	'',	'',	'',	0,	12,	'1',	0,	'',	'',	'',	'0',	0,	0,	0,	'',	0),
(13,	2,	0,	'Movies, TV, Celebrities',	'',	'',	'',	'',	0,	13,	'1',	0,	'',	'',	'',	'0',	0,	0,	0,	'',	0),
(14,	2,	0,	'Music',	'',	'',	'',	'',	0,	14,	'1',	0,	'',	'',	'',	'0',	0,	0,	0,	'',	0),
(16,	2,	0,	'News and Politics',	'',	'',	'',	'',	0,	16,	'1',	0,	'',	'',	'',	'0',	0,	0,	0,	'',	0),
(17,	2,	0,	'Parties and Nightlife',	'',	'',	'',	'',	0,	17,	'1',	0,	'',	'',	'',	'0',	0,	0,	0,	'',	0),
(18,	2,	0,	'Pets and Animals',	'',	'',	'',	'',	0,	18,	'1',	0,	'',	'',	'',	'0',	0,	0,	0,	'',	0),
(19,	2,	0,	'Podcast',	'',	'',	'',	'',	0,	19,	'1',	0,	'',	'',	'',	'0',	0,	0,	0,	'',	0),
(20,	2,	0,	'Quiz/Survey',	'',	'',	'',	'',	0,	20,	'1',	0,	'',	'',	'',	'0',	0,	0,	0,	'',	0),
(21,	2,	0,	'Religion and Philosophy',	'',	'',	'',	'',	0,	21,	'1',	0,	'',	'',	'',	'0',	0,	0,	0,	'',	0),
(22,	2,	0,	'Romance and Relationships',	'',	'',	'',	'',	0,	22,	'1',	0,	'',	'',	'',	'0',	0,	0,	0,	'',	0),
(23,	2,	0,	'School, College, Greek',	'',	'',	'',	'',	0,	23,	'1',	0,	'',	'',	'',	'0',	0,	0,	0,	'',	0),
(24,	2,	0,	'Sports',	'',	'',	'',	'',	0,	24,	'1',	0,	'',	'',	'',	'0',	0,	0,	0,	'',	0),
(25,	2,	0,	'Travel and Places',	'',	'',	'',	'',	0,	25,	'1',	0,	'',	'',	'',	'0',	0,	0,	0,	'',	0),
(26,	2,	0,	'Web, HTML, Tech',	'',	'',	'',	'',	0,	26,	'1',	0,	'',	'',	'',	'0',	0,	0,	0,	'',	0),
(27,	2,	0,	'Writing and Poetry',	'',	'',	'',	'',	0,	27,	'1',	0,	'',	'',	'',	'0',	0,	0,	0,	'',	0),
(28,	1,	0,	'None',	'',	'',	'',	'testing',	0,	1,	'1',	0,	'',	'',	'',	'0',	0,	0,	0,	'',	0),
(29,	1,	0,	'Art and Photography',	'',	'',	'',	'',	0,	2,	'1',	0,	'',	'',	'',	'0',	0,	0,	0,	'',	0),
(30,	1,	38,	'Automotive',	'',	'',	'',	'automotive',	0,	3,	'1',	0,	'',	'',	'',	'0',	0,	0,	0,	'',	0),
(31,	1,	0,	'Blogging',	'',	'',	'',	'',	0,	4,	'1',	0,	'',	'',	'',	'0',	0,	0,	0,	'',	0),
(32,	1,	0,	'Dreams and the Supernatural',	'',	'',	'',	'',	0,	5,	'1',	0,	'',	'',	'',	'0',	0,	0,	0,	'',	0),
(33,	1,	0,	'Fashion, Style, Shopping',	'',	'',	'',	'',	0,	6,	'1',	0,	'',	'',	'',	'0',	0,	0,	0,	'',	0),
(34,	1,	0,	'Food and Restaurants',	'',	'',	'',	'',	0,	7,	'1',	0,	'',	'',	'',	'0',	0,	0,	0,	'',	0),
(35,	1,	39,	'Friends',	'',	'',	'',	'friends',	0,	8,	'1',	0,	'',	'',	'',	'0',	0,	0,	0,	'',	0),
(36,	1,	0,	'Games',	'',	'',	'',	'',	0,	9,	'1',	0,	'',	'',	'',	'0',	0,	0,	0,	'',	0),
(37,	1,	0,	'Goals, Plans, Hopes',	'',	'',	'',	'',	0,	10,	'1',	0,	'',	'',	'',	'0',	0,	0,	0,	'',	0),
(38,	1,	0,	'Jobs, Work, Careers',	'',	'',	'',	'',	0,	11,	'1',	0,	'',	'',	'',	'0',	0,	0,	0,	'',	0),
(39,	1,	30,	'Life',	'',	'',	'',	'life',	0,	12,	'1',	0,	'',	'',	'',	'0',	0,	0,	0,	'',	0),
(40,	1,	39,	'Movies, TV, Celebrities',	'',	'',	'',	'movies_tv_celebrities',	0,	13,	'1',	0,	'',	'',	'',	'0',	0,	0,	0,	'',	0),
(41,	1,	39,	'Music',	'',	'',	'',	'music',	0,	14,	'1',	0,	'',	'',	'',	'0',	0,	0,	0,	'',	0),
(43,	1,	0,	'News and Politics',	'',	'',	'',	'',	0,	16,	'1',	0,	'',	'',	'',	'0',	0,	0,	0,	'',	0),
(44,	1,	0,	'Parties and Nightlife',	'',	'',	'',	'',	0,	17,	'1',	0,	'',	'',	'',	'0',	0,	0,	0,	'',	0),
(45,	1,	0,	'Pets and Animals',	'',	'',	'',	'',	0,	18,	'1',	0,	'',	'',	'',	'0',	0,	0,	0,	'',	0),
(46,	1,	0,	'Podcast',	'',	'',	'',	'',	0,	19,	'1',	0,	'',	'',	'',	'0',	0,	0,	0,	'',	0),
(47,	1,	0,	'Quiz/Survey',	'',	'',	'',	'',	0,	20,	'1',	0,	'',	'',	'',	'0',	0,	0,	0,	'',	0),
(48,	1,	0,	'Religion and Philosophy',	'',	'',	'',	'',	0,	21,	'1',	0,	'',	'',	'',	'0',	0,	0,	0,	'',	0),
(49,	1,	0,	'Romance and Relationships',	'',	'',	'',	'',	0,	22,	'1',	0,	'',	'',	'',	'0',	0,	0,	0,	'',	0),
(50,	1,	0,	'School, College, Greek',	'',	'',	'',	'',	0,	23,	'1',	0,	'',	'',	'',	'0',	0,	0,	0,	'',	0),
(51,	1,	39,	'Sports',	'',	'',	'',	'sports',	0,	24,	'1',	0,	'',	'',	'',	'0',	0,	0,	0,	'',	0),
(52,	1,	0,	'Travel and Places',	'',	'',	'',	'',	0,	25,	'1',	0,	'',	'',	'',	'0',	0,	0,	0,	'',	0),
(53,	1,	0,	'Web, HTML, Tech',	'',	'',	'',	'',	0,	26,	'1',	0,	'',	'',	'',	'0',	0,	0,	0,	'',	0),
(54,	1,	0,	'Writing and Poetry',	'',	'',	'',	'',	0,	27,	'1',	0,	'',	'',	'',	'0',	0,	0,	0,	'',	0),
(55,	3,	0,	'Technical Issues',	'Technical Issues',	'',	'',	'',	0,	1,	'1',	0,	'',	'',	'',	'0',	0,	0,	0,	'',	0),
(56,	3,	0,	'Copyright Infringement',	'Copyright Infringement',	'',	'',	'',	0,	2,	'1',	0,	'',	'',	'',	'0',	0,	0,	0,	'',	0),
(57,	3,	0,	'False Info',	'False Info',	'',	'',	'',	0,	3,	'1',	0,	'',	'',	'',	'0',	0,	0,	0,	'',	0),
(58,	3,	0,	'Registration',	'Registration',	'',	'',	'',	0,	4,	'1',	0,	'',	'',	'',	'0',	0,	0,	0,	'',	0),
(59,	3,	0,	'Error Report',	'Error Report',	'',	'',	'',	0,	5,	'1',	0,	'',	'',	'',	'0',	0,	0,	0,	'',	0),
(60,	3,	0,	'Proposals',	'Proposals',	'',	'',	'',	0,	6,	'1',	0,	'',	'',	'',	'0',	0,	0,	0,	'',	0),
(61,	3,	0,	'Other',	'',	'',	'',	'',	0,	7,	'1',	0,	'',	'',	'',	'0',	0,	0,	0,	'',	0),
(245,	2,	0,	'Legal Issues',	'',	'',	'',	'legal_issues',	0,	7,	'1',	0,	'',	'',	'',	'0',	0,	0,	0,	'',	0);

DROP TABLE IF EXISTS `y_sys_code_source`;
CREATE TABLE `y_sys_code_source` (
  `id` int(10) NOT NULL AUTO_INCREMENT,
  `keyword` varchar(255) NOT NULL DEFAULT '',
  `source` text NOT NULL,
  PRIMARY KEY (`id`)
) ENGINE=InnoDB DEFAULT CHARSET=utf8;


DROP TABLE IF EXISTS `y_sys_conf`;
CREATE TABLE `y_sys_conf` (
  `id` int(10) unsigned NOT NULL AUTO_INCREMENT,
  `name` varchar(255) NOT NULL,
  `value` text NOT NULL,
  `desc` text NOT NULL,
  `active` enum('1','0') NOT NULL DEFAULT '1',
  `linked_table` varchar(255) NOT NULL,
  `linked_data` varchar(255) NOT NULL,
  `linked_method` varchar(255) NOT NULL,
  PRIMARY KEY (`id`),
  UNIQUE KEY `name` (`name`)
) ENGINE=InnoDB DEFAULT CHARSET=utf8;


DROP TABLE IF EXISTS `y_sys_conf_items`;
CREATE TABLE `y_sys_conf_items` (
  `id` int(10) NOT NULL AUTO_INCREMENT,
  `title` text NOT NULL,
  `desc` text NOT NULL,
  `group_id` smallint(3) NOT NULL DEFAULT '0',
  `group_name` varchar(255) NOT NULL DEFAULT '',
  `type` varchar(255) NOT NULL DEFAULT '',
  `keyword` text NOT NULL,
  `value` text NOT NULL,
  `default` text NOT NULL,
  `extra` text NOT NULL,
  `eval_php` text NOT NULL,
  `position` smallint(3) NOT NULL DEFAULT '0',
  `display` tinyint(1) NOT NULL DEFAULT '0',
  PRIMARY KEY (`id`)
) ENGINE=InnoDB DEFAULT CHARSET=utf8;


DROP TABLE IF EXISTS `y_sys_core_servers`;
CREATE TABLE `y_sys_core_servers` (
  `id` int(10) unsigned NOT NULL AUTO_INCREMENT,
  `name` varchar(255) NOT NULL DEFAULT '',
  `comment` text NOT NULL,
  `hostname` varchar(255) NOT NULL DEFAULT '',
  `ip` varchar(255) NOT NULL DEFAULT '',
  `role` varchar(255) NOT NULL DEFAULT 'worker',
  `active` enum('1','0') NOT NULL DEFAULT '1',
  PRIMARY KEY (`id`)
) ENGINE=InnoDB DEFAULT CHARSET=utf8;


DROP TABLE IF EXISTS `y_sys_db_revisions`;
CREATE TABLE `y_sys_db_revisions` (
  `id` int(10) unsigned NOT NULL AUTO_INCREMENT,
  `query_method` varchar(128) NOT NULL DEFAULT '',
  `query_table` varchar(128) NOT NULL DEFAULT '',
  `date` datetime NOT NULL,
  `data_old` longtext NOT NULL,
  `data_new` longtext NOT NULL,
  `data_diff` longtext NOT NULL,
  `user_id` int(10) unsigned NOT NULL DEFAULT '0',
  `user_group` int(10) unsigned NOT NULL DEFAULT '0',
  `site_id` tinyint(3) unsigned NOT NULL DEFAULT '0',
  `server_id` tinyint(3) unsigned NOT NULL DEFAULT '0',
  `ip` char(15) NOT NULL,
  `url` text NOT NULL,
  `extra` longtext NOT NULL,
  PRIMARY KEY (`id`),
  KEY `query_table` (`query_table`),
  KEY `query_method` (`query_method`)
) ENGINE=InnoDB DEFAULT CHARSET=utf8;


DROP TABLE IF EXISTS `y_sys_locale_langs`;
CREATE TABLE `y_sys_locale_langs` (
  `id` int(10) unsigned NOT NULL AUTO_INCREMENT,
  `locale` varchar(12) NOT NULL DEFAULT '',
  `name` varchar(64) NOT NULL DEFAULT '',
  `charset` varchar(32) NOT NULL,
  `active` enum('1','0') NOT NULL DEFAULT '0',
  `is_default` enum('0','1') NOT NULL DEFAULT '0',
  PRIMARY KEY (`id`),
  UNIQUE KEY `locale` (`locale`)
) ENGINE=InnoDB DEFAULT CHARSET=utf8;

INSERT INTO `y_sys_locale_langs` (`id`, `locale`, `name`, `charset`, `active`, `is_default`) VALUES
(1,	'en',	'English',	'utf-8',	'1',	'1'),
(2,	'ru',	'Russian',	'utf-8',	'1',	'0'),
(3,	'uk',	'Ukrainian',	'utf-8',	'1',	'0');

DROP TABLE IF EXISTS `y_sys_locale_translate`;
CREATE TABLE `y_sys_locale_translate` (
  `var_id` int(10) unsigned NOT NULL DEFAULT '0',
  `value` text NOT NULL,
  `locale` varchar(12) NOT NULL DEFAULT '',
  KEY `lang` (`locale`),
  KEY `var_id` (`var_id`)
) ENGINE=InnoDB DEFAULT CHARSET=utf8;


DROP TABLE IF EXISTS `y_sys_locale_user_tr`;
CREATE TABLE `y_sys_locale_user_tr` (
  `id` int(10) unsigned NOT NULL AUTO_INCREMENT,
  `site_id` smallint(4) unsigned NOT NULL DEFAULT '0',
  `user_id` int(10) unsigned NOT NULL DEFAULT '0',
  `var` varchar(255) NOT NULL DEFAULT '',
  `translation` text NOT NULL,
  `locale` varchar(12) NOT NULL DEFAULT '',
  `last_update` int(10) unsigned NOT NULL DEFAULT '0',
  PRIMARY KEY (`id`),
  UNIQUE KEY `locale_var_user_id` (`user_id`,`var`,`locale`)
) ENGINE=InnoDB DEFAULT CHARSET=utf8;


DROP TABLE IF EXISTS `y_sys_locale_vars`;
CREATE TABLE `y_sys_locale_vars` (
  `id` int(10) unsigned NOT NULL AUTO_INCREMENT,
  `value` text NOT NULL,
  `location` text NOT NULL,
  PRIMARY KEY (`id`)
) ENGINE=InnoDB DEFAULT CHARSET=utf8;


DROP TABLE IF EXISTS `y_sys_log_admin_auth`;
CREATE TABLE `y_sys_log_admin_auth` (
  `id` int(10) unsigned NOT NULL AUTO_INCREMENT,
  `admin_id` int(10) unsigned NOT NULL DEFAULT '0',
  `login` varchar(255) NOT NULL DEFAULT '',
  `group` int(10) unsigned NOT NULL DEFAULT '0',
  `date` int(10) unsigned NOT NULL DEFAULT '0',
  `session_id` varchar(32) NOT NULL DEFAULT '',
  `ip` varchar(16) NOT NULL DEFAULT '',
  `user_agent` varchar(255) NOT NULL DEFAULT '',
  `referer` varchar(255) NOT NULL DEFAULT '',
  `activity` int(10) unsigned NOT NULL DEFAULT '0',
  PRIMARY KEY (`id`),
  KEY `ip` (`ip`),
  KEY `admin_id` (`admin_id`),
  KEY `date` (`date`)
) ENGINE=InnoDB DEFAULT CHARSET=utf8;


DROP TABLE IF EXISTS `y_sys_log_admin_auth_fails`;
CREATE TABLE `y_sys_log_admin_auth_fails` (
  `time` decimal(13,3) unsigned NOT NULL DEFAULT '0.000',
  `ip` varchar(16) NOT NULL DEFAULT '',
  `login` varchar(64) NOT NULL DEFAULT '',
  `pswd` varchar(64) NOT NULL DEFAULT '',
  `reason` char(1) NOT NULL DEFAULT 'w',
  `site_id` tinyint(3) unsigned NOT NULL DEFAULT '0',
  `server_id` tinyint(3) unsigned NOT NULL DEFAULT '0',
  PRIMARY KEY (`time`)
) ENGINE=InnoDB DEFAULT CHARSET=utf8;

INSERT INTO `y_sys_log_admin_auth_fails` (`time`, `ip`, `login`, `pswd`, `reason`, `site_id`, `server_id`) VALUES
(1397139684.270,	'192.168.1.5',	'admin',	'88AcDBUoj7x9F8S',	'w',	1,	0);

DROP TABLE IF EXISTS `y_sys_log_admin_exec`;
CREATE TABLE `y_sys_log_admin_exec` (
  `id` int(10) unsigned NOT NULL AUTO_INCREMENT,
  `date` int(10) unsigned NOT NULL DEFAULT '0',
  `query_string` varchar(255) NOT NULL DEFAULT '',
  `request_uri` varchar(255) NOT NULL,
  `exec_time` float NOT NULL DEFAULT '0',
  `num_dbq` smallint(5) unsigned NOT NULL DEFAULT '0',
  `page_size` int(10) unsigned NOT NULL DEFAULT '0',
  `admin_id` int(10) unsigned NOT NULL DEFAULT '0',
  `admin_group` tinyint(3) unsigned NOT NULL,
  `ip` varchar(16) NOT NULL DEFAULT '',
  `user_agent` varchar(255) NOT NULL DEFAULT '',
  `referer` varchar(255) NOT NULL DEFAULT '',
  `site_id` tinyint(3) unsigned NOT NULL DEFAULT '0',
  `server_id` tinyint(3) unsigned NOT NULL DEFAULT '0',
  PRIMARY KEY (`id`),
  KEY `admin_group` (`admin_group`)
) ENGINE=InnoDB DEFAULT CHARSET=utf8;


DROP TABLE IF EXISTS `y_sys_log_auth`;
CREATE TABLE `y_sys_log_auth` (
  `id` int(10) unsigned NOT NULL AUTO_INCREMENT,
  `user_id` int(10) unsigned NOT NULL DEFAULT '0',
  `login` varchar(255) NOT NULL DEFAULT '',
  `group` int(10) unsigned NOT NULL DEFAULT '0',
  `date` int(10) unsigned NOT NULL DEFAULT '0',
  `session_id` varchar(32) NOT NULL DEFAULT '',
  `ip` varchar(16) NOT NULL DEFAULT '',
  `user_agent` varchar(255) NOT NULL DEFAULT '',
  `referer` varchar(255) NOT NULL DEFAULT '',
  `activity` int(10) unsigned NOT NULL DEFAULT '0',
  `site_id` tinyint(3) unsigned NOT NULL DEFAULT '0',
  `server_id` tinyint(3) unsigned NOT NULL DEFAULT '0',
  PRIMARY KEY (`id`),
  KEY `ip` (`ip`),
  KEY `user_id` (`user_id`),
  KEY `date` (`date`)
) ENGINE=InnoDB DEFAULT CHARSET=utf8;


DROP TABLE IF EXISTS `y_sys_log_auth_fails`;
CREATE TABLE `y_sys_log_auth_fails` (
  `time` decimal(13,3) unsigned NOT NULL DEFAULT '0.000',
  `ip` varchar(16) NOT NULL DEFAULT '',
  `login` varchar(64) NOT NULL DEFAULT '',
  `pswd` varchar(64) NOT NULL DEFAULT '',
  `reason` char(1) NOT NULL DEFAULT 'w',
  `site_id` tinyint(3) unsigned NOT NULL DEFAULT '0',
  `server_id` tinyint(3) unsigned NOT NULL DEFAULT '0',
  PRIMARY KEY (`time`)
) ENGINE=InnoDB DEFAULT CHARSET=utf8;


DROP TABLE IF EXISTS `y_sys_log_core_errors`;
CREATE TABLE `y_sys_log_core_errors` (
  `id` int(10) unsigned NOT NULL AUTO_INCREMENT,
  `error_level` smallint(5) unsigned NOT NULL,
  `error_text` text NOT NULL,
  `source_file` varchar(255) NOT NULL,
  `source_line` smallint(5) unsigned NOT NULL,
  `env_data` text NOT NULL,
  `user_id` int(10) unsigned NOT NULL DEFAULT '0',
  `user_group` tinyint(3) unsigned NOT NULL,
  `is_admin` enum('0','1') NOT NULL DEFAULT '0',
  `site_id` tinyint(3) unsigned NOT NULL DEFAULT '0',
  `server_id` tinyint(3) unsigned NOT NULL DEFAULT '0',
  `date` int(10) unsigned NOT NULL DEFAULT '0',
  `ip` varchar(16) NOT NULL DEFAULT '',
  `query_string` varchar(255) NOT NULL DEFAULT '',
  `request_uri` varchar(255) NOT NULL DEFAULT '',
  `user_agent` varchar(255) NOT NULL DEFAULT '',
  `referer` varchar(255) NOT NULL DEFAULT '',
  `object` varchar(255) NOT NULL DEFAULT '',
  `action` varchar(255) NOT NULL DEFAULT '',
  PRIMARY KEY (`id`),
  KEY `error_level` (`error_level`),
  KEY `date` (`date`)
) ENGINE=InnoDB DEFAULT CHARSET=utf8;


DROP TABLE IF EXISTS `y_sys_log_emails`;
CREATE TABLE `y_sys_log_emails` (
  `id` int(10) unsigned NOT NULL AUTO_INCREMENT,
  `email_from` varchar(255) NOT NULL DEFAULT '',
  `name_from` varchar(255) NOT NULL DEFAULT '',
  `email_to` varchar(255) NOT NULL DEFAULT '',
  `name_to` varchar(255) NOT NULL DEFAULT '',
  `subject` varchar(255) NOT NULL DEFAULT '',
  `text` text NOT NULL,
  `other_options` varchar(255) NOT NULL DEFAULT '',
  `source_file` varchar(255) NOT NULL DEFAULT '',
  `source_line` smallint(5) unsigned NOT NULL,
  `env_data` text NOT NULL,
  `user_id` int(10) unsigned NOT NULL DEFAULT '0',
  `user_group` tinyint(3) unsigned NOT NULL,
  `is_admin` enum('0','1') NOT NULL DEFAULT '0',
  `site_id` tinyint(3) unsigned NOT NULL DEFAULT '0',
  `server_id` tinyint(3) unsigned NOT NULL DEFAULT '0',
  `date` int(10) unsigned NOT NULL DEFAULT '0',
  `ip` varchar(16) NOT NULL DEFAULT '',
  `query_string` varchar(255) NOT NULL DEFAULT '',
  `request_uri` varchar(255) NOT NULL DEFAULT '',
  `user_agent` varchar(255) NOT NULL DEFAULT '',
  `referer` varchar(255) NOT NULL DEFAULT '',
  `object` varchar(255) NOT NULL DEFAULT '',
  `action` varchar(255) NOT NULL DEFAULT '',
  `success` enum('0','1') NOT NULL,
  `error_text` text NOT NULL,
  `send_time` float unsigned NOT NULL,
  `mail_debug` enum('0','1') NOT NULL,
  `used_mailer` varchar(32) NOT NULL,
  PRIMARY KEY (`id`),
  KEY `email_from` (`email_from`),
  KEY `email_to` (`email_to`),
  KEY `date` (`date`)
) ENGINE=InnoDB DEFAULT CHARSET=utf8;


DROP TABLE IF EXISTS `y_sys_log_exec`;
CREATE TABLE `y_sys_log_exec` (
  `id` int(10) unsigned NOT NULL AUTO_INCREMENT,
  `date` int(10) unsigned NOT NULL DEFAULT '0',
  `query_string` varchar(255) NOT NULL DEFAULT '',
  `request_uri` varchar(255) NOT NULL,
  `exec_time` float NOT NULL DEFAULT '0',
  `num_dbq` smallint(5) unsigned NOT NULL DEFAULT '0',
  `page_size` int(10) unsigned NOT NULL DEFAULT '0',
  `user_id` int(10) unsigned NOT NULL DEFAULT '0',
  `user_group` tinyint(3) unsigned NOT NULL,
  `ip` varchar(16) NOT NULL DEFAULT '',
  `user_agent` varchar(255) NOT NULL DEFAULT '',
  `referer` varchar(255) NOT NULL DEFAULT '',
  `site_id` tinyint(3) unsigned NOT NULL DEFAULT '0',
  `server_id` tinyint(3) unsigned NOT NULL DEFAULT '0',
  `is_admin` enum('0','1') NOT NULL DEFAULT '0',
  PRIMARY KEY (`id`),
  KEY `user_group` (`user_group`)
) ENGINE=InnoDB DEFAULT CHARSET=utf8;


DROP TABLE IF EXISTS `y_sys_log_img_resizes`;
CREATE TABLE `y_sys_log_img_resizes` (
  `id` int(10) unsigned NOT NULL AUTO_INCREMENT,
  `source_path` varchar(255) NOT NULL,
  `source_file_size` int(10) unsigned NOT NULL,
  `source_x` int(10) unsigned NOT NULL,
  `source_y` int(10) unsigned NOT NULL,
  `result_path` varchar(255) NOT NULL,
  `result_file_size` int(10) unsigned NOT NULL,
  `result_x` int(10) unsigned NOT NULL,
  `result_y` int(10) unsigned NOT NULL,
  `limit_x` int(10) unsigned NOT NULL,
  `limit_y` int(10) unsigned NOT NULL,
  `other_options` varchar(255) NOT NULL DEFAULT '',
  `source_file` varchar(255) NOT NULL DEFAULT '',
  `source_line` smallint(5) unsigned NOT NULL,
  `env_data` text NOT NULL,
  `user_id` int(10) unsigned NOT NULL DEFAULT '0',
  `user_group` tinyint(3) unsigned NOT NULL,
  `is_admin` enum('0','1') NOT NULL DEFAULT '0',
  `site_id` tinyint(3) unsigned NOT NULL DEFAULT '0',
  `server_id` tinyint(3) unsigned NOT NULL DEFAULT '0',
  `date` int(10) unsigned NOT NULL DEFAULT '0',
  `ip` varchar(16) NOT NULL DEFAULT '',
  `query_string` varchar(255) NOT NULL DEFAULT '',
  `request_uri` varchar(255) NOT NULL DEFAULT '',
  `user_agent` varchar(255) NOT NULL DEFAULT '',
  `referer` varchar(255) NOT NULL DEFAULT '',
  `object` varchar(255) NOT NULL DEFAULT '',
  `action` varchar(255) NOT NULL DEFAULT '',
  `success` enum('0','1') NOT NULL,
  `error_text` text NOT NULL,
  `process_time` float unsigned NOT NULL,
  `used_lib` varchar(32) NOT NULL,
  `tried_libs` varchar(32) NOT NULL,
  PRIMARY KEY (`id`),
  KEY `date` (`date`)
) ENGINE=InnoDB DEFAULT CHARSET=utf8;


DROP TABLE IF EXISTS `y_sys_log_redirects`;
CREATE TABLE `y_sys_log_redirects` (
  `id` int(10) unsigned NOT NULL AUTO_INCREMENT,
  `url_from` varchar(1024) NOT NULL,
  `url_to` varchar(1024) NOT NULL,
  `date` datetime NOT NULL,
  `ip` varchar(16) NOT NULL DEFAULT '',
  `query_string` varchar(1024) NOT NULL DEFAULT '',
  `user_agent` varchar(255) NOT NULL DEFAULT '',
  `referer` varchar(1024) NOT NULL DEFAULT '',
  `object` varchar(255) NOT NULL DEFAULT '',
  `action` varchar(255) NOT NULL DEFAULT '',
  `user_id` int(10) unsigned NOT NULL DEFAULT '0',
  `user_group` tinyint(3) unsigned NOT NULL,
  `site_id` tinyint(3) unsigned NOT NULL DEFAULT '0',
  `server_id` tinyint(3) unsigned NOT NULL DEFAULT '0',
  `locale` varchar(16) NOT NULL DEFAULT '',
  `is_admin` enum('0','1') NOT NULL DEFAULT '0',
  `rewrite_mode` enum('0','1') NOT NULL DEFAULT '0',
  `use_rewrite` enum('0','1') NOT NULL DEFAULT '0',
  `debug_mode` enum('0','1') NOT NULL DEFAULT '0',
  `exec_time` float NOT NULL DEFAULT '0',
  `redirect_type` varchar(16) NOT NULL DEFAULT '',
  `reason` varchar(1024) NOT NULL DEFAULT '',
  `trace` varchar(1024) NOT NULL DEFAULT '',
  PRIMARY KEY (`id`)
) ENGINE=InnoDB DEFAULT CHARSET=utf8;


DROP TABLE IF EXISTS `y_sys_log_ssh_action`;
CREATE TABLE `y_sys_log_ssh_action` (
  `microtime` decimal(13,3) unsigned NOT NULL DEFAULT '0.000',
  `server_id` varchar(64) NOT NULL DEFAULT '',
  `init_type` enum('user','admin') DEFAULT 'user',
  `action` varchar(32) NOT NULL DEFAULT '',
  `comment` varchar(255) NOT NULL DEFAULT '',
  `get_object` varchar(32) NOT NULL DEFAULT '',
  `get_action` varchar(32) NOT NULL DEFAULT '',
  `user_id` int(11) unsigned NOT NULL DEFAULT '0',
  `user_group` tinyint(2) unsigned NOT NULL DEFAULT '0',
  `ip` varchar(32) NOT NULL DEFAULT '',
  KEY `microtime` (`microtime`),
  KEY `server_id` (`server_id`)
) ENGINE=InnoDB DEFAULT CHARSET=utf8;


DROP TABLE IF EXISTS `y_sys_log_tags`;
CREATE TABLE `y_sys_log_tags` (
  `id` int(10) unsigned NOT NULL AUTO_INCREMENT,
  `tag_id` int(10) unsigned NOT NULL,
  `object_id` int(10) unsigned NOT NULL,
  `object_name` varchar(64) NOT NULL DEFAULT '',
  `owner_id` int(10) unsigned NOT NULL,
  `user_id` int(10) unsigned NOT NULL,
  `date` int(10) unsigned NOT NULL,
  `text` varchar(128) NOT NULL DEFAULT '',
  `site_id` int(10) unsigned NOT NULL,
  `ip` varchar(16) NOT NULL DEFAULT '',
  `user_agent` varchar(255) NOT NULL DEFAULT '',
  `referer` varchar(255) NOT NULL DEFAULT '',
  `request_uri` varchar(255) NOT NULL DEFAULT '',
  PRIMARY KEY (`id`)
) ENGINE=InnoDB DEFAULT CHARSET=utf8;


DROP TABLE IF EXISTS `y_sys_log_user_errors`;
CREATE TABLE `y_sys_log_user_errors` (
  `id` int(10) unsigned NOT NULL AUTO_INCREMENT,
  `error_level` smallint(5) unsigned NOT NULL,
  `error_text` text NOT NULL,
  `source_file` varchar(255) NOT NULL,
  `source_line` smallint(5) unsigned NOT NULL,
  `env_data` text NOT NULL,
  `user_id` int(10) unsigned NOT NULL DEFAULT '0',
  `user_group` tinyint(3) unsigned NOT NULL,
  `is_admin` enum('0','1') NOT NULL DEFAULT '0',
  `site_id` tinyint(3) unsigned NOT NULL DEFAULT '0',
  `server_id` tinyint(3) unsigned NOT NULL DEFAULT '0',
  `date` int(10) unsigned NOT NULL DEFAULT '0',
  `ip` varchar(16) NOT NULL DEFAULT '',
  `query_string` varchar(255) NOT NULL DEFAULT '',
  `request_uri` varchar(255) NOT NULL DEFAULT '',
  `user_agent` varchar(255) NOT NULL DEFAULT '',
  `referer` varchar(255) NOT NULL DEFAULT '',
  `object` varchar(255) NOT NULL DEFAULT '',
  `action` varchar(255) NOT NULL DEFAULT '',
  PRIMARY KEY (`id`),
  KEY `error_level` (`error_level`),
  KEY `date` (`date`)
) ENGINE=InnoDB DEFAULT CHARSET=utf8;


DROP TABLE IF EXISTS `y_sys_log_webshell_action`;
CREATE TABLE `y_sys_log_webshell_action` (
  `id` int(10) unsigned NOT NULL AUTO_INCREMENT,
  `microtime` decimal(13,3) unsigned NOT NULL DEFAULT '0.000',
  `server_id` int(11) NOT NULL,
  `user_id` int(11) NOT NULL,
  `action` text NOT NULL,
  PRIMARY KEY (`id`)
) ENGINE=InnoDB DEFAULT CHARSET=utf8;


DROP TABLE IF EXISTS `y_sys_menus`;
CREATE TABLE `y_sys_menus` (
  `id` int(10) unsigned NOT NULL AUTO_INCREMENT,
  `name` varchar(64) NOT NULL,
  `desc` varchar(255) NOT NULL,
  `type` enum('user','admin') NOT NULL,
  `active` enum('1','0') NOT NULL,
  `stpl_name` varchar(255) NOT NULL,
  `method_name` varchar(255) NOT NULL,
  `custom_fields` text NOT NULL,
  PRIMARY KEY (`id`)
) ENGINE=InnoDB DEFAULT CHARSET=utf8;

INSERT INTO `y_sys_menus` (`id`, `name`, `desc`, `type`, `active`, `stpl_name`, `method_name`, `custom_fields`) VALUES
(1,	'admin_left_menu',	'',	'admin',	'0',	'',	'',	''),
(2,	'user_main_menu',	'',	'user',	'0',	'',	'',	''),
(3,	'admin_top_menu',	'',	'admin',	'0',	'',	'',	''),
(4,	'user_side_menu',	'',	'user',	'0',	'system/slide_menu',	'',	''),
(5,	'admin_home_menu',	'',	'admin',	'1',	'',	'',	'f1,f2');

DROP TABLE IF EXISTS `y_sys_menu_items`;
CREATE TABLE `y_sys_menu_items` (
  `id` int(10) unsigned NOT NULL AUTO_INCREMENT,
  `menu_id` int(10) unsigned NOT NULL,
  `parent_id` int(10) unsigned NOT NULL,
  `name` varchar(255) NOT NULL,
  `location` varchar(255) NOT NULL,
  `type_id` int(10) unsigned NOT NULL,
  `order` int(10) unsigned NOT NULL,
  `active` enum('1','0') NOT NULL,
  `user_groups` varchar(255) NOT NULL,
  `site_ids` varchar(255) NOT NULL,
  `server_ids` varchar(255) NOT NULL,
  `cond_code` varchar(255) NOT NULL DEFAULT '',
  `icon` varchar(255) NOT NULL,
  `other_info` text NOT NULL,
  PRIMARY KEY (`id`)
) ENGINE=InnoDB DEFAULT CHARSET=utf8;

INSERT INTO `y_sys_menu_items` (`id`, `menu_id`, `parent_id`, `name`, `location`, `type_id`, `order`, `active`, `user_groups`, `site_ids`, `server_ids`, `cond_code`, `icon`, `other_info`) VALUES
(1,	4,	0,	'Account',	'object=account',	1,	1,	'1',	'',	'',	'',	'',	'',	''),
(2,	4,	0,	'Edit profile',	'object=user_info',	1,	2,	'1',	'',	'',	'',	'',	'',	''),
(3,	4,	0,	'View profile',	'object=user_profile',	1,	3,	'1',	'',	'',	'',	'',	'',	''),
(4,	4,	0,	'Email',	'object=email&action=inbox',	1,	4,	'1',	'',	'',	'',	'',	'',	''),
(5,	4,	0,	'My blog',	'object=blog&action=show_posts',	1,	6,	'1',	'',	'',	'',	'',	'',	''),
(6,	4,	0,	'My gallery',	'object=gallery&action=show_gallery',	1,	7,	'1',	'',	'',	'',	'',	'',	''),
(7,	4,	0,	'My interests',	'object=interests&action=manage',	1,	8,	'1',	'',	'',	'',	'',	'',	''),
(8,	4,	0,	'Favorite Users',	'object=account&action=edit_favorites',	1,	9,	'1',	'',	'',	'',	'',	'',	''),
(9,	4,	0,	'Ignored Users',	'object=account&action=edit_ignored',	1,	10,	'1',	'',	'',	'',	'',	'',	''),
(10,	4,	0,	'Friends',	'object=friends&action=view_all_friends',	1,	11,	'1',	'',	'',	'',	'',	'',	''),
(11,	4,	0,	'Friend Of',	'object=friends&action=view_all_friend_of',	1,	12,	'1',	'',	'',	'',	'',	'',	''),
(12,	4,	0,	'Logout',	'task=logout',	1,	14,	'1',	'',	'',	'',	'',	'',	''),
(13,	4,	0,	'My articles',	'object=articles&action=manage',	1,	5,	'1',	'',	'',	'',	'',	'',	''),
(14,	4,	0,	'Tags',	'object=tags',	1,	13,	'1',	'',	'',	'',	'',	'',	''),
(20,	2,	0,	'Forum',	'object=forum',	1,	2,	'1',	'',	'',	'',	'',	'',	''),
(21,	2,	0,	'Home',	'object=home_page',	1,	0,	'1',	'',	'',	'',	'',	'',	''),
(22,	2,	0,	'FAQ',	'object=static_pages&action=show&id=faq',	1,	8,	'1',	'',	'',	'',	'',	'',	''),
(23,	2,	0,	'About',	'object=static_pages&action=show&id=about',	1,	9,	'1',	'',	'',	'',	'',	'',	''),
(24,	2,	0,	'Terms',	'object=static_pages&action=show&id=terms',	1,	6,	'1',	'',	'',	'',	'',	'',	''),
(25,	2,	0,	'Privacy',	'object=static_pages&action=show&id=privacy',	1,	7,	'1',	'',	'',	'',	'',	'',	''),
(28,	2,	0,	'Interests',	'object=interests',	1,	5,	'1',	'',	'',	'',	'',	'',	''),
(29,	2,	0,	'Blog',	'object=blog',	1,	3,	'1',	'',	'',	'',	'',	'',	''),
(31,	2,	0,	'Gallery',	'object=gallery',	1,	4,	'1',	'',	'',	'',	'',	'',	''),
(32,	2,	0,	'Contact Us',	'object=help&action=email_form',	1,	10,	'1',	'',	'',	'',	'',	'',	''),
(34,	2,	0,	'News',	'object=news',	1,	1,	'1',	'',	'',	'',	'',	'',	''),
(35,	2,	0,	'Articles',	'object=articles',	1,	2,	'1',	'',	'',	'',	'',	'',	''),
(37,	2,	0,	'Shop',	'object=shop',	1,	1,	'1',	'',	'',	'',	'',	'',	''),
(1274,	5,	0,	'Tools',	'',	3,	1,	'1',	'',	'',	'',	'',	'',	''),
(1290,	5,	0,	'Administration',	'',	3,	11,	'1',	'',	'',	'',	'',	'',	''),
(1296,	5,	1290,	'Logs',	'',	3,	22,	'1',	'',	'',	'',	'',	'',	''),
(1306,	5,	1290,	'Users',	'',	3,	15,	'1',	'',	'',	'',	'',	'',	''),
(1312,	5,	0,	'Content',	'',	3,	28,	'1',	'',	'',	'',	'',	'',	''),
(1353,	5,	1274,	'File manager',	'object=file_manager',	1,	3,	'1',	'',	'',	'',	'',	'',	''),
(1355,	5,	1274,	'Database manager',	'object=db_manager',	1,	7,	'1',	'',	'',	'',	'',	'',	''),
(1357,	5,	1274,	'Menus manager',	'object=menus_editor',	1,	5,	'1',	'',	'',	'',	'',	'',	''),
(1358,	5,	1274,	'Categories editor',	'object=category_editor',	1,	4,	'1',	'',	'',	'',	'',	'',	''),
(1359,	5,	1274,	'Blocks editor',	'object=blocks',	1,	2,	'1',	'',	'',	'',	'',	'',	''),
(1361,	5,	1274,	'Locale Editor',	'object=locale_editor',	1,	8,	'1',	'',	'',	'',	'',	'',	''),
(1362,	5,	1274,	'Tips Editor',	'object=manage_tips',	1,	10,	'1',	'',	'',	'',	'',	'',	''),
(1364,	5,	1290,	'Admin Groups',	'object=admin_groups',	1,	12,	'1',	'',	'',	'',	'',	'',	''),
(1365,	5,	1290,	'Admin Management',	'object=admin',	1,	13,	'1',	'',	'',	'',	'',	'',	''),
(1366,	5,	1306,	'User Modules Manager',	'object=user_modules',	1,	18,	'1',	'',	'',	'',	'',	'',	''),
(1367,	5,	1290,	'Admin Modules Manager',	'object=admin_modules',	1,	14,	'1',	'',	'',	'',	'',	'',	''),
(1368,	5,	1296,	'Execution Log Analyzer',	'object=log_exec_analyser',	1,	27,	'0',	'',	'',	'',	'',	'',	''),
(1369,	5,	1296,	'Core Errors',	'object=log_core_errors_viewer',	1,	23,	'1',	'',	'',	'',	'',	'',	''),
(1370,	5,	1296,	'User Errors',	'object=log_user_errors_viewer',	1,	24,	'1',	'',	'',	'',	'',	'',	''),
(1371,	5,	1296,	'Emails',	'object=log_emails_viewer',	1,	26,	'1',	'',	'',	'',	'',	'',	''),
(1374,	5,	1296,	'Authentification fails',	'object=log_auth_fails_viewer',	1,	25,	'1',	'',	'',	'',	'',	'',	''),
(1377,	5,	1306,	'User Groups',	'object=user_groups',	1,	16,	'1',	'',	'',	'',	'',	'',	''),
(1378,	5,	1306,	'User Management',	'object=members',	1,	17,	'1',	'',	'',	'',	'',	'',	''),
(1379,	5,	1306,	'Online Users',	'object=online_users_manager',	1,	20,	'0',	'',	'',	'',	'',	'',	''),
(1380,	5,	1306,	'Registration Confirmation',	'object=confirm_reg',	1,	19,	'1',	'',	'',	'',	'',	'',	''),
(1381,	5,	1312,	'Static Pages',	'object=static_pages',	1,	29,	'1',	'',	'',	'',	'',	'',	''),
(1382,	5,	1312,	'Forum',	'object=forum',	1,	32,	'0',	'',	'',	'',	'',	'',	''),
(1383,	5,	1312,	'Gallery',	'object=gallery',	1,	33,	'0',	'',	'',	'',	'',	'',	''),
(1384,	5,	1312,	'Blog',	'object=manage_blogs',	1,	34,	'0',	'',	'',	'',	'',	'',	''),
(1385,	5,	1312,	'Articles',	'object=manage_articles',	1,	35,	'0',	'',	'',	'',	'',	'',	''),
(1386,	5,	1312,	'News',	'object=manage_news',	1,	30,	'1',	'',	'',	'',	'',	'',	''),
(1387,	5,	1312,	'Comments',	'object=manage_comments',	1,	31,	'1',	'',	'',	'',	'',	'',	''),
(1388,	5,	1230,	'Alerts',	'object=account&action=manage_alerts',	1,	0,	'1',	'',	'',	'',	'',	'',	''),
(1389,	5,	1346,	'Email alerts logs',	'object=log_alert_emails',	1,	0,	'1',	'',	'',	'',	'',	'',	''),
(1397,	5,	1324,	'Edit Account Info',	'object=admin_home&action=edit_account',	1,	0,	'1',	'',	'',	'',	'',	'',	''),
(1398,	5,	1398,	'Logout',	'task=logout',	1,	0,	'1',	'',	'',	'',	'',	'',	''),
(1408,	5,	1306,	'Help Tickets',	'object=help_tickets',	1,	21,	'0',	'',	'',	'',	'',	'',	''),
(1420,	5,	1274,	'Settings',	'object=settings',	1,	9,	'1',	'',	'',	'',	'',	'',	''),
(1421,	5,	1274,	'Dashboards',	'object=manage_dashboards',	1,	6,	'1',	'',	'',	'',	'',	'',	'');

DROP TABLE IF EXISTS `y_sys_online`;
CREATE TABLE `y_sys_online` (
  `id` varchar(32) NOT NULL DEFAULT '',
  `user_id` int(10) unsigned NOT NULL,
  `user_group` int(10) unsigned NOT NULL,
  `time` int(10) unsigned NOT NULL DEFAULT '0',
  `type` enum('user','admin') NOT NULL,
  `ip` varchar(16) NOT NULL,
  `user_agent` varchar(255) NOT NULL,
  `query_string` varchar(255) NOT NULL,
  `site_id` tinyint(3) unsigned NOT NULL,
  PRIMARY KEY (`id`),
  KEY `user_id` (`user_id`)
) ENGINE=MEMORY DEFAULT CHARSET=utf8;


DROP TABLE IF EXISTS `y_sys_revisions`;
CREATE TABLE `y_sys_revisions` (
  `id` int(10) unsigned NOT NULL AUTO_INCREMENT,
  `object_name` varchar(64) NOT NULL,
  `object_id` varchar(64) NOT NULL,
  `old_text` text NOT NULL,
  `new_text` text NOT NULL,
  `date` int(10) unsigned NOT NULL,
  `user_id` int(10) unsigned NOT NULL,
  `site_id` tinyint(3) unsigned NOT NULL DEFAULT '0',
  `server_id` tinyint(3) unsigned NOT NULL DEFAULT '0',
  `ip` char(15) NOT NULL,
  `comment` varchar(255) NOT NULL,
  PRIMARY KEY (`id`)
) ENGINE=InnoDB DEFAULT CHARSET=utf8;


DROP TABLE IF EXISTS `y_sys_sessions`;
CREATE TABLE `y_sys_sessions` (
  `id` varchar(32) NOT NULL DEFAULT '',
  `user_id` int(10) unsigned NOT NULL,
  `user_group` int(10) unsigned NOT NULL,
  `start_time` int(10) unsigned NOT NULL DEFAULT '0',
  `last_time` int(10) unsigned NOT NULL DEFAULT '0',
  `type` enum('user','admin') NOT NULL,
  `host_name` varchar(128) NOT NULL,
  `data` longtext,
  PRIMARY KEY (`id`),
  KEY `user_id` (`user_id`),
  KEY `start_time` (`start_time`)
) ENGINE=InnoDB DEFAULT CHARSET=utf8;


DROP TABLE IF EXISTS `y_sys_settings`;
CREATE TABLE `y_sys_settings` (
  `id` int(10) unsigned NOT NULL AUTO_INCREMENT,
  `item` varchar(255) NOT NULL DEFAULT '',
  `value` text NOT NULL,
  `type` enum('text','enum','char','date') NOT NULL DEFAULT 'text',
  `size` varchar(255) NOT NULL DEFAULT '',
  `debug` enum('0','1') NOT NULL DEFAULT '0',
  `order` int(10) unsigned NOT NULL DEFAULT '0',
  `category` int(10) unsigned NOT NULL DEFAULT '0',
  PRIMARY KEY (`id`),
  UNIQUE KEY `item` (`item`)
) ENGINE=InnoDB DEFAULT CHARSET=utf8;


DROP TABLE IF EXISTS `y_sys_sites`;
CREATE TABLE `y_sys_sites` (
  `id` int(10) unsigned NOT NULL AUTO_INCREMENT,
  `name` varchar(255) NOT NULL DEFAULT '',
  `web_path` varchar(255) NOT NULL DEFAULT '',
  `real_path` varchar(255) NOT NULL DEFAULT '',
  `active` enum('1','0') NOT NULL DEFAULT '1',
  `vertical` char(5) NOT NULL DEFAULT 'homes',
  `locale` char(7) NOT NULL DEFAULT 'en',
  `country` char(2) NOT NULL,
  PRIMARY KEY (`id`)
) ENGINE=InnoDB DEFAULT CHARSET=utf8;

INSERT INTO `y_sys_sites` (`id`, `name`, `web_path`, `real_path`, `active`, `vertical`, `locale`, `country`) VALUES
(1,	'Current site name (__CHANGE_ME!__)',	'../',	'INCLUDE_PATH',	'1',	'homes',	'en',	'');

DROP TABLE IF EXISTS `y_sys_skins`;
CREATE TABLE `y_sys_skins` (
  `id` int(10) unsigned NOT NULL AUTO_INCREMENT,
  `name` varchar(64) NOT NULL DEFAULT '',
  `desc` varchar(255) NOT NULL DEFAULT '',
  `for_admin` enum('0','1') NOT NULL DEFAULT '0',
  `for_user` enum('1','0') NOT NULL DEFAULT '1',
  `active` enum('0','1') NOT NULL DEFAULT '0',
  PRIMARY KEY (`id`)
) ENGINE=InnoDB DEFAULT CHARSET=utf8;


DROP TABLE IF EXISTS `y_sys_smilies`;
CREATE TABLE `y_sys_smilies` (
  `id` smallint(5) unsigned NOT NULL AUTO_INCREMENT,
  `code` varchar(50) DEFAULT NULL,
  `url` varchar(100) DEFAULT NULL,
  `emoticon` varchar(75) DEFAULT NULL,
  `emo_set` tinyint(3) unsigned NOT NULL DEFAULT '1',
  PRIMARY KEY (`id`)
) ENGINE=InnoDB DEFAULT CHARSET=utf8;


DROP TABLE IF EXISTS `y_sys_task_manager`;
CREATE TABLE `y_sys_task_manager` (
  `id` int(10) NOT NULL AUTO_INCREMENT,
  `title` varchar(255) NOT NULL DEFAULT '',
  `file` varchar(255) NOT NULL DEFAULT '',
  `php_code` text NOT NULL,
  `next_run` int(10) NOT NULL DEFAULT '0',
  `week_day` tinyint(1) NOT NULL DEFAULT '-1',
  `month_day` smallint(2) NOT NULL DEFAULT '-1',
  `hour` smallint(2) NOT NULL DEFAULT '-1',
  `minute` smallint(2) NOT NULL DEFAULT '-1',
  `cronkey` varchar(32) NOT NULL DEFAULT '',
  `log` tinyint(1) NOT NULL DEFAULT '0',
  `description` text NOT NULL,
  `enabled` tinyint(1) NOT NULL DEFAULT '1',
  `key` varchar(30) NOT NULL DEFAULT '',
  `safemode` tinyint(1) NOT NULL DEFAULT '0',
  PRIMARY KEY (`id`),
  KEY `task_next_run` (`next_run`)
) ENGINE=InnoDB DEFAULT CHARSET=utf8;


DROP TABLE IF EXISTS `y_sys_templates`;
CREATE TABLE `y_sys_templates` (
  `id` int(10) unsigned NOT NULL AUTO_INCREMENT,
  `theme_name` varchar(32) NOT NULL DEFAULT '',
  `name` varchar(128) NOT NULL DEFAULT '',
  `text` longtext NOT NULL,
  `site_id` tinyint(3) unsigned NOT NULL DEFAULT '0',
  `language` tinyint(3) unsigned NOT NULL DEFAULT '0',
  `active` enum('1','0') NOT NULL DEFAULT '1',
  PRIMARY KEY (`id`),
  KEY `theme_name_1` (`theme_name`,`name`,`active`)
) ENGINE=InnoDB DEFAULT CHARSET=utf8;


DROP TABLE IF EXISTS `y_sys_user_groups`;
CREATE TABLE `y_sys_user_groups` (
  `id` tinyint(3) unsigned NOT NULL AUTO_INCREMENT,
  `name` varchar(255) NOT NULL DEFAULT '',
  `active` enum('1','0') NOT NULL DEFAULT '1',
  `go_after_login` varchar(255) NOT NULL DEFAULT '',
  PRIMARY KEY (`id`)
) ENGINE=InnoDB DEFAULT CHARSET=utf8;

INSERT INTO `y_sys_user_groups` (`id`, `name`, `active`, `go_after_login`) VALUES
(1,	'Guest',	'1',	''),
(2,	'Member',	'1',	'');

DROP TABLE IF EXISTS `y_sys_user_modules`;
CREATE TABLE `y_sys_user_modules` (
  `id` tinyint(3) unsigned NOT NULL AUTO_INCREMENT,
  `name` varchar(255) NOT NULL DEFAULT '',
  `description` varchar(255) NOT NULL DEFAULT '',
  `version` varchar(16) NOT NULL DEFAULT '',
  `author` varchar(255) NOT NULL DEFAULT '',
  `active` enum('0','1') NOT NULL DEFAULT '0',
  PRIMARY KEY (`id`)
) ENGINE=InnoDB DEFAULT CHARSET=utf8;

INSERT INTO `y_sys_user_modules` (`id`, `name`, `description`, `version`, `author`, `active`) VALUES
(1,	'home_page',	'',	'',	'',	'1'),
(2,	'login_form',	'',	'',	'',	'1'),
(3,	'static_pages',	'',	'',	'',	'1'),
(7,	'account',	'',	'',	'',	'1'),
(8,	'activity',	'',	'',	'',	'1'),
(9,	'articles',	'',	'',	'',	'1'),
(10,	'blog',	'',	'',	'',	'1'),
(11,	'chat',	'',	'',	'',	'1'),
(12,	'comments',	'',	'',	'',	'1'),
(13,	'dynamic',	'',	'',	'',	'1'),
(14,	'faq',	'',	'',	'',	'1'),
(15,	'forum',	'',	'',	'',	'1'),
(16,	'friends',	'',	'',	'',	'1'),
(17,	'gallery',	'',	'',	'',	'1'),
(18,	'geo_content',	'',	'',	'',	'1'),
(19,	'get_pswd',	'',	'',	'',	'1'),
(20,	'help',	'',	'',	'',	'1'),
(21,	'interests',	'',	'',	'',	'1'),
(22,	'language',	'',	'',	'',	'1'),
(23,	'mail',	'',	'',	'',	'1'),
(24,	'photo_rating',	'',	'',	'',	'1'),
(25,	'poll',	'',	'',	'',	'1'),
(26,	'rate',	'',	'',	'',	'1'),
(27,	'register',	'',	'',	'',	'1'),
(28,	'reputation',	'',	'',	'',	'1'),
(29,	'site_map',	'',	'',	'',	'1'),
(30,	'site_nav_bar',	'',	'',	'',	'1'),
(31,	'stats',	'',	'',	'',	'1'),
(32,	'task_loader',	'',	'',	'',	'1'),
(33,	'test',	'',	'',	'',	'1'),
(34,	'user_info',	'',	'',	'',	'1'),
(35,	'user_profile',	'',	'',	'',	'1'),
(39,	'banner_rotator',	'',	'',	'',	'1'),
(40,	'calendar',	'',	'',	'',	'1'),
(41,	'community',	'',	'',	'',	'1'),
(42,	'email',	'',	'',	'',	'1'),
(43,	'layout_settings',	'',	'',	'',	'1'),
(44,	'news',	'',	'',	'',	'1'),
(45,	'openid',	'',	'',	'',	'1'),
(46,	'right_block',	'',	'',	'',	'1'),
(47,	'search',	'',	'',	'',	'1'),
(48,	'tags',	'',	'',	'',	'1'),
(49,	'users',	'',	'',	'',	'1'),
(50,	'users_search',	'',	'',	'',	'1'),
(52,	'widgets',	'',	'',	'',	'1'),
(53,	'rss',	'',	'',	'',	'1'),
(54,	'shop',	'',	'',	'',	'1');

DROP TABLE IF EXISTS `y_timezones`;
CREATE TABLE `y_timezones` (
  `code` char(6) NOT NULL DEFAULT '',
  `name` varchar(64) NOT NULL DEFAULT '',
  `offset` varchar(16) NOT NULL DEFAULT '',
  `active` enum('0','1') NOT NULL DEFAULT '0',
  PRIMARY KEY (`code`)
) ENGINE=InnoDB DEFAULT CHARSET=utf8;

INSERT INTO `y_timezones` (`code`, `name`, `offset`, `active`) VALUES
('ACDT',	'Australian Central Daylight Time',	'UTC+10:30',	'0'),
('ACST',	'Australian Central Standard Time',	'UTC+09:30',	'0'),
('ACT',	'ASEAN Common Time',	'UTC+08',	'0'),
('ADT',	'Atlantic Daylight Time',	'UTC-03',	'0'),
('AEDT',	'Australian Eastern Daylight Time',	'UTC+11',	'0'),
('AEST',	'Australian Eastern Standard Time',	'UTC+10',	'0'),
('AFT',	'Afghanistan Time',	'UTC+04:30',	'0'),
('AKDT',	'Alaska Daylight Time',	'UTC-08',	'0'),
('AKST',	'Alaska Standard Time',	'UTC-09',	'0'),
('AMST',	'Armenia Summer Time',	'UTC+05',	'0'),
('AMT',	'Armenia Time',	'UTC+04',	'0'),
('ART',	'Argentina Time',	'UTC-03',	'0'),
('AST',	'Atlantic Standard Time',	'UTC-04',	'0'),
('AWDT',	'Australian Western Daylight Time',	'UTC+09',	'0'),
('AWST',	'Australian Western Standard Time',	'UTC+08',	'0'),
('AZOST',	'Azores Standard Time',	'UTC-01',	'0'),
('AZT',	'Azerbaijan Time',	'UTC+04',	'0'),
('BDT',	'Brunei Time',	'UTC+08',	'0'),
('BIOT',	'British Indian Ocean Time',	'UTC+06',	'0'),
('BIT',	'Baker Island Time',	'UTC-12',	'0'),
('BOT',	'Bolivia Time',	'UTC-04',	'0'),
('BRT',	'Brasilia Time',	'UTC-03',	'0'),
('BST',	'British Summer Time (British Standard Time from Feb 1968 to Oct ',	'UTC+01',	'0'),
('BTT',	'Bhutan Time',	'UTC+06',	'0'),
('CAT',	'Central Africa Time',	'UTC+02',	'0'),
('CCT',	'Cocos Islands Time',	'UTC+06:30',	'0'),
('CDT',	'Cuba Daylight Time[3]',	'UTC-04',	'0'),
('CEDT',	'Central European Daylight Time',	'UTC+02',	'0'),
('CEST',	'Central European Summer Time (Cf. HAEC)',	'UTC+02',	'0'),
('CET',	'Central European Time',	'UTC+01',	'1'),
('CHADT',	'Chatham Daylight Time',	'UTC+13:45',	'0'),
('CHAST',	'Chatham Standard Time',	'UTC+12:45',	'0'),
('CHOT',	'Choibalsan',	'UTC+08',	'0'),
('ChST',	'Chamorro Standard Time',	'UTC+10',	'0'),
('CHUT',	'Chuuk Time',	'UTC+10',	'0'),
('CIST',	'Clipperton Island Standard Time',	'UTC-08',	'0'),
('CIT',	'Central Indonesia Time',	'UTC+08',	'0'),
('CKT',	'Cook Island Time',	'UTC-10',	'0'),
('CLST',	'Chile Summer Time',	'UTC-03',	'0'),
('CLT',	'Chile Standard Time',	'UTC-04',	'0'),
('COST',	'Colombia Summer Time',	'UTC-04',	'0'),
('COT',	'Colombia Time',	'UTC-05',	'0'),
('CST',	'Cuba Standard Time',	'UTC-05',	'0'),
('CT',	'China time',	'UTC+08',	'0'),
('CVT',	'Cape Verde Time',	'UTC-01',	'0'),
('CWST',	'Central Western Standard Time (Australia)',	'UTC+08:45',	'0'),
('CXT',	'Christmas Island Time',	'UTC+07',	'0'),
('DAVT',	'Davis Time',	'UTC+07',	'0'),
('DDUT',	'Dumont d\'Urville Time',	'UTC+10',	'0'),
('DFT',	'AIX specific equivalent of Central European Time[4]',	'UTC+01',	'0'),
('EASST',	'Easter Island Standard Summer Time',	'UTC-05',	'0'),
('EAST',	'Easter Island Standard Time',	'UTC-06',	'0'),
('EAT',	'East Africa Time',	'UTC+03',	'0'),
('ECT',	'Ecuador Time',	'UTC-05',	'0'),
('EDT',	'Eastern Daylight Time (North America)',	'UTC-04',	'0'),
('EEDT',	'Eastern European Daylight Time',	'UTC+03',	'0'),
('EEST',	'Eastern European Summer Time',	'UTC+03',	'0'),
('EET',	'Eastern European Time',	'UTC+02',	'1'),
('EGST',	'Eastern Greenland Summer Time',	'UTC+00',	'0'),
('EGT',	'Eastern Greenland Time',	'UTC-01',	'0'),
('EIT',	'Eastern Indonesian Time',	'UTC+09',	'0'),
('EST',	'Eastern Standard Time (Australia)',	'UTC+10',	'0'),
('FET',	'Further-eastern European Time',	'UTC+03',	'0'),
('FJT',	'Fiji Time',	'UTC+12',	'0'),
('FKST',	'Falkland Islands Summer Time',	'UTC-03',	'0'),
('FKT',	'Falkland Islands Time',	'UTC-04',	'0'),
('FNT',	'Fernando de Noronha Time',	'UTC-02',	'0'),
('GALT',	'Galapagos Time',	'UTC-06',	'0'),
('GAMT',	'Gambier Islands',	'UTC-09',	'0'),
('GET',	'Georgia Standard Time',	'UTC+04',	'0'),
('GFT',	'French Guiana Time',	'UTC-03',	'0'),
('GILT',	'Gilbert Island Time',	'UTC+12',	'0'),
('GIT',	'Gambier Island Time',	'UTC-09',	'0'),
('GMT',	'Greenwich Mean Time',	'UTC',	'1'),
('GST',	'Gulf Standard Time',	'UTC+04',	'0'),
('GYT',	'Guyana Time',	'UTC-04',	'0'),
('HADT',	'Hawaii-Aleutian Daylight Time',	'UTC-09',	'0'),
('HAEC',	'Heure Avancée d\'Europe Centrale francised name for CEST',	'UTC+02',	'0'),
('HAST',	'Hawaii-Aleutian Standard Time',	'UTC-10',	'0'),
('HKT',	'Hong Kong Time',	'UTC+08',	'0'),
('HMT',	'Heard and McDonald Islands Time',	'UTC+05',	'0'),
('HOVT',	'Khovd Time',	'UTC+07',	'0'),
('HST',	'Hawaii Standard Time',	'UTC-10',	'0'),
('ICT',	'Indochina Time',	'UTC+07',	'0'),
('IDT',	'Israel Daylight Time',	'UTC+03',	'0'),
('IOT',	'Indian Ocean Time',	'UTC+03',	'0'),
('IRDT',	'Iran Daylight Time',	'UTC+08',	'0'),
('IRKT',	'Irkutsk Time',	'UTC+09',	'0'),
('IRST',	'Iran Standard Time',	'UTC+03:30',	'0'),
('IST',	'Israel Standard Time',	'UTC+02',	'0'),
('JST',	'Japan Standard Time',	'UTC+09',	'0'),
('KGT',	'Kyrgyzstan time',	'UTC+06',	'0'),
('KOST',	'Kosrae Time',	'UTC+11',	'0'),
('KRAT',	'Krasnoyarsk Time',	'UTC+07',	'0'),
('KST',	'Korea Standard Time',	'UTC+09',	'0'),
('LHST',	'Lord Howe Summer Time',	'UTC+11',	'0'),
('LINT',	'Line Islands Time',	'UTC+14',	'0'),
('MAGT',	'Magadan Time',	'UTC+12',	'0'),
('MART',	'Marquesas Islands Time',	'UTC-09:30',	'0'),
('MAWT',	'Mawson Station Time',	'UTC+05',	'0'),
('MDT',	'Mountain Daylight Time (North America)',	'UTC-06',	'0'),
('MEST',	'Middle European Saving Time Same zone as CEST',	'UTC+02',	'0'),
('MET',	'Middle European Time Same zone as CET',	'UTC+01',	'0'),
('MHT',	'Marshall Islands',	'UTC+12',	'0'),
('MIST',	'Macquarie Island Station Time',	'UTC+11',	'0'),
('MIT',	'Marquesas Islands Time',	'UTC-09:30',	'0'),
('MMT',	'Myanmar Time',	'UTC+06:30',	'0'),
('MSK',	'Moscow Time',	'UTC+04',	'1'),
('MST',	'Myanmar Standard Time',	'UTC+06:30',	'0'),
('MUT',	'Mauritius Time',	'UTC+04',	'0'),
('MVT',	'Maldives Time',	'UTC+05',	'0'),
('MYT',	'Malaysia Time',	'UTC+08',	'0'),
('NCT',	'New Caledonia Time',	'UTC+11',	'0'),
('NDT',	'Newfoundland Daylight Time',	'UTC-02:30',	'0'),
('NFT',	'Norfolk Time',	'UTC+11:30',	'0'),
('NPT',	'Nepal Time',	'UTC+05:45',	'0'),
('NST',	'Newfoundland Standard Time',	'UTC-03:30',	'0'),
('NT',	'Newfoundland Time',	'UTC-03:30',	'0'),
('NUT',	'Niue Time',	'UTC-11:30',	'0'),
('NZDT',	'New Zealand Daylight Time',	'UTC+13',	'0'),
('NZST',	'New Zealand Standard Time',	'UTC+12',	'0'),
('OMST',	'Omsk Time',	'UTC+06',	'0'),
('ORAT',	'Oral Time',	'UTC+05',	'0'),
('PDT',	'Pacific Daylight Time (North America)',	'UTC-07',	'0'),
('PET',	'Peru Time',	'UTC-05',	'0'),
('PETT',	'Kamchatka Time',	'UTC+12',	'0'),
('PGT',	'Papua New Guinea Time',	'UTC+10',	'0'),
('PHOT',	'Phoenix Island Time',	'UTC+13',	'0'),
('PHT',	'Philippine Time',	'UTC+08',	'0'),
('PKT',	'Pakistan Standard Time',	'UTC+05',	'0'),
('PMDT',	'Saint Pierre and Miquelon Daylight time',	'UTC-02',	'0'),
('PMST',	'Saint Pierre and Miquelon Standard Time',	'UTC-03',	'0'),
('PONT',	'Pohnpei Standard Time',	'UTC+11',	'0'),
('PST',	'Pacific Standard Time (North America)',	'UTC-08',	'0'),
('PYST',	'Paraguay Summer Time (Brazil)[6]',	'UTC-03',	'0'),
('PYT',	'Paraguay Time (Brazil)[7]',	'UTC-04',	'0'),
('RET',	'Réunion Time',	'UTC+04',	'0'),
('ROTT',	'Rothera Research Station Time',	'UTC-03',	'0'),
('SAKT',	'Sakhalin Island time',	'UTC+11',	'0'),
('SAMT',	'Samara Time',	'UTC+04',	'0'),
('SAST',	'South African Standard Time',	'UTC+02',	'0'),
('SBT',	'Solomon Islands Time',	'UTC+11',	'0'),
('SCT',	'Seychelles Time',	'UTC+04',	'0'),
('SGT',	'Singapore Time',	'UTC+08',	'0'),
('SLT',	'Sri Lanka Time',	'UTC+05:30',	'0'),
('SRT',	'Suriname Time',	'UTC-03',	'0'),
('SST',	'Singapore Standard Time',	'UTC+08',	'0'),
('SYOT',	'Showa Station Time',	'UTC+03',	'0'),
('TAHT',	'Tahiti Time',	'UTC-10',	'0'),
('TFT',	'Indian/Kerguelen',	'UTC+05',	'0'),
('THA',	'Thailand Standard Time',	'UTC+07',	'0'),
('TJT',	'Tajikistan Time',	'UTC+05',	'0'),
('TKT',	'Tokelau Time',	'UTC+14',	'0'),
('TLT',	'Timor Leste Time',	'UTC+09',	'0'),
('TMT',	'Turkmenistan Time',	'UTC+05',	'0'),
('TOT',	'Tonga Time',	'UTC+13',	'0'),
('TVT',	'Tuvalu Time',	'UTC+12',	'0'),
('UCT',	'Coordinated Universal Time',	'UTC',	'0'),
('ULAT',	'Ulaanbaatar Time',	'UTC+08',	'0'),
('UTC',	'Coordinated Universal Time',	'UTC',	'1'),
('UYST',	'Uruguay Summer Time',	'UTC-02',	'0'),
('UYT',	'Uruguay Standard Time',	'UTC-03',	'0'),
('UZT',	'Uzbekistan Time',	'UTC+05',	'0'),
('VET',	'Venezuelan Standard Time',	'UTC-04:30',	'0'),
('VLAT',	'Vladivostok Time',	'UTC+10',	'0'),
('VOLT',	'Volgograd Time',	'UTC+04',	'0'),
('VOST',	'Vostok Station Time',	'UTC+06',	'0'),
('VUT',	'Vanuatu Time',	'UTC+11',	'0'),
('WAKT',	'Wake Island Time',	'UTC+12',	'0'),
('WAST',	'West Africa Summer Time',	'UTC+02',	'0'),
('WAT',	'West Africa Time',	'UTC+01',	'0'),
('WEDT',	'Western European Daylight Time',	'UTC+01',	'0'),
('WEST',	'Western European Summer Time',	'UTC+01',	'0'),
('WET',	'Western European Time',	'UTC',	'0'),
('WST',	'Western Standard Time',	'UTC+08',	'0'),
('YAKT',	'Yakutsk Time',	'UTC+09',	'0'),
('YEKT',	'Yekaterinburg Time',	'UTC+05',	'0'),
('Z',	'Zulu Time (Coordinated Universal Time)',	'UTC',	'0');

DROP TABLE IF EXISTS `y_tips`;
CREATE TABLE `y_tips` (
  `id` int(10) unsigned NOT NULL AUTO_INCREMENT,
  `name` varchar(255) NOT NULL DEFAULT '',
  `text` text NOT NULL,
  `type` tinyint(1) NOT NULL DEFAULT '1',
  `active` enum('1','0') NOT NULL DEFAULT '1',
  `locale` char(7) NOT NULL DEFAULT 'en',
  PRIMARY KEY (`id`)
) ENGINE=InnoDB DEFAULT CHARSET=utf8;


DROP TABLE IF EXISTS `y_user`;
CREATE TABLE `y_user` (
  `id` int(10) unsigned NOT NULL AUTO_INCREMENT,
  `group` tinyint(3) unsigned NOT NULL DEFAULT '0',
  `name` varchar(255) NOT NULL DEFAULT '',
  `nick` varchar(64) NOT NULL DEFAULT '',
  `login` varchar(64) NOT NULL DEFAULT '',
  `email` varchar(50) NOT NULL DEFAULT '',
  `password` varchar(32) NOT NULL DEFAULT '',
  `phone` varchar(40) NOT NULL DEFAULT '',
  `city` varchar(40) NOT NULL DEFAULT '',
  `state` varchar(20) NOT NULL DEFAULT '',
  `country` varchar(30) NOT NULL DEFAULT 'USA',
  `zip_code` varchar(16) NOT NULL DEFAULT '',
  `address` varchar(255) NOT NULL DEFAULT '',
  `sex` enum('Female','Male') NOT NULL DEFAULT 'Female',
  `age` smallint(2) unsigned NOT NULL DEFAULT '0',
  `birth_date` date NOT NULL DEFAULT '0000-00-00',
  `visits` smallint(6) unsigned NOT NULL DEFAULT '0',
  `active` tinyint(1) unsigned NOT NULL DEFAULT '1',
  `add_date` int(10) unsigned NOT NULL DEFAULT '0',
  `last_update` int(10) unsigned NOT NULL DEFAULT '0',
  `last_login` int(10) unsigned NOT NULL DEFAULT '0',
  `num_logins` smallint(6) unsigned NOT NULL DEFAULT '0',
  `last_view` int(10) unsigned NOT NULL DEFAULT '0',
  `num_views` int(10) unsigned NOT NULL DEFAULT '0',
  `verify_code` varchar(32) NOT NULL DEFAULT '',
  `profile_url` varchar(64) NOT NULL,
  `admin_comments` text NOT NULL,
  `ip` varchar(15) NOT NULL DEFAULT '',
  `photo_verified` enum('0','1') NOT NULL,
  `avatar` varchar(255) NOT NULL DEFAULT '',
  `priority` int(11) NOT NULL DEFAULT '0',
  `lon` decimal(8,4) NOT NULL DEFAULT '0.0000',
  `lat` decimal(8,4) NOT NULL DEFAULT '0.0000',
  `has_avatar` enum('0','1') NOT NULL DEFAULT '0',
  `contact_by_email` enum('1','0') NOT NULL,
  `emails` smallint(6) unsigned NOT NULL DEFAULT '0',
  `emailssent` smallint(6) unsigned NOT NULL DEFAULT '0',
  `go_after_login` varchar(255) NOT NULL DEFAULT '',
  PRIMARY KEY (`id`),
  KEY `login` (`login`),
  KEY `nick` (`nick`),
  KEY `active` (`active`),
  KEY `group` (`group`),
  KEY `email` (`email`),
  KEY `has_avatar` (`has_avatar`),
  KEY `priority` (`priority`),
  KEY `country` (`country`)
) ENGINE=InnoDB DEFAULT CHARSET=utf8;

INSERT INTO `y_user` (`id`, `group`, `name`, `nick`, `login`, `email`, `password`, `phone`, `city`, `state`, `country`, `zip_code`, `address`, `sex`, `age`, `birth_date`, `visits`, `active`, `add_date`, `last_update`, `last_login`, `num_logins`, `last_view`, `num_views`, `verify_code`, `profile_url`, `admin_comments`, `ip`, `photo_verified`, `avatar`, `priority`, `lon`, `lat`, `has_avatar`, `contact_by_email`, `emails`, `emailssent`, `go_after_login`) VALUES
(1,	2,	'',	'test',	'test',	'test@test.ru',	'test',	'',	'',	'',	'',	'',	'',	'Male',	0,	'0000-00-00',	0,	1,	1206006530,	0,	0,	1,	0,	0,	'MXd2Y24xMjA2MDA2NTMw',	'',	'',	'192.168.1.7',	'0',	'',	0,	0.0000,	0.0000,	'0',	'1',	0,	0,	'');

-- 2015-10-19 14:47:45
